time_s,FL_hip_joint_rad,FR_hip_joint_rad,RL_hip_joint_rad,RR_hip_joint_rad,FL_thigh_joint_rad,FR_thigh_joint_rad,RL_thigh_joint_rad,RR_thigh_joint_rad,FL_calf_joint_rad,FR_calf_joint_rad,RL_calf_joint_rad,RR_calf_joint_rad
0.0,0.13562723994255066,-0.11245208978652954,0.07458502799272537,-0.12939943373203278,0.6145343780517578,0.9958432912826538,0.9877868890762329,1.2952923774719238,-1.6411099433898926,-1.5437928438186646,-1.5349147319793701,-1.2565261125564575
0.019999999552965164,0.0963633731007576,-0.10202270746231079,0.04736130312085152,-0.09077906608581543,0.6200168132781982,0.8184653520584106,0.8661931753158569,1.1372079849243164,-1.5845203399658203,-1.301167607307434,-1.3335554599761963,-1.4899979829788208
0.03999999910593033,-0.01216245535761118,-0.05265216901898384,-0.04524916037917137,-0.0798802375793457,0.5720138549804688,0.6833113431930542,0.7276309728622437,0.8783619403839111,-1.571058750152588,-1.1184316873550415,-1.1356298923492432,-1.5450440645217896
0.05999999865889549,-0.0984291359782219,-0.050412632524967194,-0.11803089827299118,-0.048447348177433014,0.491931676864624,0.6754866242408752,0.627570390701294,0.6030473113059998,-1.4785850048065186,-1.1697150468826294,-0.9432697296142578,-1.4350649118423462
0.07999999821186066,-0.20337462425231934,-0.06274832040071487,-0.12584106624126434,-0.029438568279147148,0.4311826527118683,0.7021726369857788,0.6329545378684998,0.41650646924972534,-1.360495686531067,-1.2497421503067017,-0.9896355271339417,-1.4238955974578857
0.09999999776482582,-0.23198653757572174,-0.08399800211191177,-0.13925504684448242,-0.014673600904643536,0.42958590388298035,0.720350444316864,0.6366972923278809,0.29310083389282227,-1.408387303352356,-1.3100215196609497,-1.0313966274261475,-1.4220160245895386
0.11999999731779099,-0.2514636814594269,-0.100014328956604,-0.14808018505573273,-0.008091782219707966,0.4289184808731079,0.7295663952827454,0.6482383608818054,0.2534104287624359,-1.4241089820861816,-1.3308312892913818,-1.0637305974960327,-1.3765634298324585
0.13999999687075615,-0.2667970657348633,-0.11450222134590149,-0.1578558087348938,-0.014775854535400867,0.4301205277442932,0.7352723479270935,0.6648485064506531,0.2926422655582428,-1.4192434549331665,-1.3298511505126953,-1.0873394012451172,-1.3209846019744873
0.1599999964237213,-0.27799880504608154,-0.1263282746076584,-0.1678972989320755,-0.01981821097433567,0.43339574337005615,0.7406764626502991,0.6799925565719604,0.3759538531303406,-1.410245656967163,-1.3251304626464844,-1.10210120677948,-1.2654520273208618
0.17999999597668648,-0.2838936150074005,-0.1332051306962967,-0.17551760375499725,-0.011282858438789845,0.43910714983940125,0.7475034594535828,0.691828191280365,0.4730338156223297,-1.4062268733978271,-1.3251428604125977,-1.1105854511260986,-1.2201639413833618
0.19999999552965164,-0.2866792380809784,-0.13716526329517365,-0.18188554048538208,0.0008110149065032601,0.4473995566368103,0.7568894624710083,0.7011557221412659,0.5518018007278442,-1.4081023931503296,-1.3315401077270508,-1.1146354675292969,-1.2440745830535889
0.2199999950826168,-0.28361451625823975,-0.13502971827983856,-0.18355022370815277,0.010924366302788258,0.4590074419975281,0.7686989307403564,0.7088210582733154,0.5950580835342407,-1.418441891670227,-1.3442620038986206,-1.11675226688385,-1.2611631155014038
0.23999999463558197,-0.27625659108161926,-0.11643942445516586,-0.180801659822464,0.014744642190635204,0.47438743710517883,0.7823163866996765,0.7165562510490417,0.6048518419265747,-1.4347845315933228,-1.3733628988265991,-1.117496132850647,-1.269138216972351
0.25999999418854713,-0.2679593563079834,-0.0870775580406189,-0.1762920320034027,0.02038971334695816,0.4935779571533203,0.7842392325401306,0.7254160046577454,0.6185491681098938,-1.4545491933822632,-1.4427721500396729,-1.1169682741165161,-1.2801088094711304
0.2799999937415123,-0.2591972351074219,-0.045341067016124725,-0.17101022601127625,0.026794224977493286,0.5157584547996521,0.7404119968414307,0.734718918800354,0.6345009207725525,-1.4755452871322632,-1.5430421829223633,-1.1138231754302979,-1.2910782098770142
0.29999999329447746,-0.24981330335140228,-0.0073020136915147305,-0.16462190449237823,0.03433197736740112,0.5409733057022095,0.6497429609298706,0.7453611493110657,0.6540332436561584,-1.4964655637741089,-1.645453929901123,-1.1087104082107544,-1.3030494451522827
0.3199999928474426,-0.23988479375839233,0.021678254008293152,-0.1567341685295105,0.04337484389543533,0.5694565176963806,0.532478392124176,0.758427083492279,0.6772598624229431,-1.5168532133102417,-1.7335591316223145,-1.1027110815048218,-1.3152648210525513
0.3399999924004078,-0.22986195981502533,0.041314538568258286,-0.16005851328372955,0.05322158709168434,0.6001017689704895,0.4134107828140259,0.7554658055305481,0.7018319964408875,-1.5370241403579712,-1.7963354587554932,-1.1401119232177734,-1.3257009983062744
0.35999999195337296,-0.22424188256263733,0.048252787441015244,-0.19066360592842102,0.058536045253276825,0.6303092241287231,0.3049148917198181,0.7200884222984314,0.7219873666763306,-1.5563509464263916,-1.8165783882141113,-1.2879387140274048,-1.3287954330444336
0.3799999915063381,-0.21578973531723022,0.05496084690093994,-0.24748603999614716,0.06594640016555786,0.6618398427963257,0.21080069243907928,0.5627185702323914,0.7401914596557617,-1.5723315477371216,-1.7690215110778809,-1.439249873161316,-1.3244483470916748
0.3999999910593033,-0.20296484231948853,0.057080019265413284,-0.31419801712036133,0.07703691720962524,0.6998046040534973,0.14463071525096893,0.3421131670475006,0.768625795841217,-1.5819272994995117,-1.714621663093567,-1.5029290914535522,-1.3229585886001587
0.41999999061226845,-0.18926846981048584,0.040991660207509995,-0.3700487017631531,0.08940446376800537,0.7458208203315735,0.10396759957075119,0.1741863191127777,0.812181830406189,-1.5840179920196533,-1.6784436702728271,-1.4912910461425781,-1.3279284238815308
0.4399999901652336,-0.17383845150470734,0.019890548661351204,-0.3879505693912506,0.10464294254779816,0.7980563044548035,0.08966677635908127,0.12630467116832733,0.8656855821609497,-1.5788081884384155,-1.6677721738815308,-1.4287703037261963,-1.3322230577468872
0.4599999897181988,-0.15443024039268494,0.014482175000011921,-0.37258413434028625,0.12469379603862762,0.8543730974197388,0.11196649074554443,0.193983256816864,0.923133373260498,-1.5662814378738403,-1.672113060951233,-1.3276770114898682,-1.3288370370864868
0.47999998927116394,-0.13439732789993286,0.02935786172747612,-0.3520021438598633,0.1463690549135208,0.910091757774353,0.18307988345623016,0.2870565950870514,0.9713612794876099,-1.5511860847473145,-1.655387043952942,-1.3510559797286987,-1.3082178831100464
0.4999999888241291,-0.13723668456077576,0.07648131251335144,-0.3313322365283966,0.16945016384124756,0.9565395712852478,0.3235558271408081,0.3702150285243988,0.9977378845214844,-1.637230396270752,-1.5914065837860107,-1.4108636379241943,-1.2602312564849854
0.5199999883770943,-0.1622374951839447,0.11036771535873413,-0.32260772585868835,0.18187354505062103,0.9305832386016846,0.47756168246269226,0.4568881392478943,1.0263253450393677,-1.8788458108901978,-1.6073188781738281,-1.4675123691558838,-1.2104130983352661
0.5399999879300594,-0.14922215044498444,0.12460097670555115,-0.3147253394126892,0.20433896780014038,0.7370544075965881,0.5880410075187683,0.561345100402832,1.0983734130859375,-2.083493232727051,-1.6587382555007935,-1.5341405868530273,-1.3532967567443848
0.5599999874830246,-0.13694670796394348,0.13701660931110382,-0.309112012386322,0.22279484570026398,0.40646204352378845,0.7005704045295715,0.6747903227806091,1.1326416730880737,-2.1104326248168945,-1.696364164352417,-1.5987292528152466,-1.6435716152191162
0.5799999870359898,-0.18764156103134155,0.1443469226360321,-0.3058864176273346,0.2254054844379425,0.08110882341861725,0.8051952719688416,0.785535991191864,1.023686170578003,-2.005971670150757,-1.7204093933105469,-1.6478255987167358,-1.9312489032745361
0.5999999865889549,-0.28540098667144775,0.14924125373363495,-0.3052283525466919,0.2001664936542511,-0.14768679440021515,0.9053722620010376,0.8918383717536926,0.7641754746437073,-1.8782521486282349,-1.7349886894226074,-1.6784038543701172,-2.067690134048462
0.6199999861419201,-0.370764821767807,0.15822245180606842,-0.3032682538032532,0.1628311574459076,-0.2577701210975647,1.0014095306396484,0.995655357837677,0.47276920080184937,-1.786764144897461,-1.7337549924850464,-1.6917638778686523,-1.9878764152526855
0.6399999856948853,-0.40826380252838135,0.17610155045986176,-0.2930598258972168,0.14777861535549164,-0.27410969138145447,1.0893495082855225,1.0956084728240967,0.27134695649147034,-1.7410926818847656,-1.7095913887023926,-1.686120629310608,-1.827916145324707
0.6599999852478504,-0.400876522064209,0.19934877753257751,-0.27505987882614136,0.16463984549045563,-0.22385144233703613,1.1648718118667603,1.1837458610534668,0.20122212171554565,-1.7090562582015991,-1.6598360538482666,-1.6545072793960571,-1.6856532096862793
0.6799999848008156,-0.37191811203956604,0.2186262160539627,-0.2580256164073944,0.2045687437057495,-0.1120392233133316,1.226170539855957,1.2516132593154907,0.2583686113357544,-1.6756186485290527,-1.5868076086044312,-1.5905028581619263,-1.5555307865142822
0.6999999843537807,-0.33967649936676025,0.23397395014762878,-0.2458479106426239,0.214072585105896,0.053633227944374084,1.2709615230560303,1.2825629711151123,0.38442063331604004,-1.6055097579956055,-1.5034524202346802,-1.4882168769836426,-1.61178457736969
0.7199999839067459,-0.3321962058544159,0.2539333701133728,-0.23416517674922943,0.2247018963098526,0.27824151515960693,1.3086358308792114,1.2695306539535522,0.5030803680419922,-1.5849350690841675,-1.7800543308258057,-1.3456099033355713,-1.671386957168579
0.7399999834597111,-0.31407788395881653,0.2557388246059418,-0.24546511471271515,0.24314925074577332,0.4266711175441742,1.1369818449020386,1.3038371801376343,0.6285990476608276,-1.7004355192184448,-2.09700608253479,-1.4767616987228394,-1.7154223918914795
0.7599999830126762,-0.29697588086128235,0.23070336878299713,-0.2786324918270111,0.2584271728992462,0.5764477252960205,0.7241557836532593,1.2898385524749756,0.7596695423126221,-1.7751110792160034,-2.221449136734009,-1.8028550148010254,-1.7445398569107056
0.7799999825656414,-0.28380584716796875,0.23142985999584198,-0.2846185266971588,0.26846933364868164,0.7242028117179871,0.30097058415412903,1.0695346593856812,0.8868105411529541,-1.8209500312805176,-2.0616674423217773,-2.0315451622009277,-1.7545812129974365
0.7999999821186066,-0.272185355424881,0.2669071853160858,-0.2828294336795807,0.27952122688293457,0.8658298254013062,0.01098589040338993,0.7008923292160034,1.0042095184326172,-1.842119812965393,-1.798160433769226,-2.033735752105713,-1.7415494918823242
0.8199999816715717,-0.26395183801651,0.3091348111629486,-0.32099777460098267,0.2897213399410248,0.9984554648399353,-0.1243300586938858,0.3881188631057739,1.1118273735046387,-1.834139347076416,-1.62752103805542,-1.9032386541366577,-1.7049006223678589
0.8399999812245369,-0.2590290606021881,0.3447559177875519,-0.3673519492149353,0.29676470160484314,1.1157904863357544,-0.12494795024394989,0.22468729317188263,1.204712152481079,-1.792262315750122,-1.5390174388885498,-1.7616984844207764,-1.6399955749511719
0.8599999807775021,-0.25562143325805664,0.3706487715244293,-0.396372526884079,0.30308547616004944,1.2118574380874634,-0.0012706485576927662,0.22541607916355133,1.2674636840820312,-1.7238850593566895,-1.5140634775161743,-1.6648576259613037,-1.5376036167144775
0.8799999803304672,-0.2613847553730011,0.3785091042518616,-0.398137629032135,0.30722370743751526,1.2235182523727417,0.20904643833637238,0.369897723197937,1.2975698709487915,-1.853350281715393,-1.53754460811615,-1.6511462926864624,-1.437638759613037
0.8999999798834324,-0.26215019822120667,0.3779485523700714,-0.4051724672317505,0.31453147530555725,1.0437477827072144,0.38471800088882446,0.5358613133430481,1.3225127458572388,-2.149653673171997,-1.6884987354278564,-1.7527555227279663,-1.7369970083236694
0.9199999794363976,-0.22496113181114197,0.3827953338623047,-0.4048120379447937,0.2941046953201294,0.6642602682113647,0.5535079836845398,0.6930851340293884,1.159426212310791,-2.2201218605041504,-1.7984849214553833,-1.8186705112457275,-2.0024521350860596
0.9399999789893627,-0.2223152369260788,0.38648170232772827,-0.4022054374217987,0.2758970856666565,0.3240200877189636,0.7188066840171814,0.8431453108787537,0.8494815826416016,-2.0701966285705566,-1.8718278408050537,-1.8535685539245605,-2.1018502712249756
0.9599999785423279,-0.2500622570514679,0.3871902823448181,-0.4030647575855255,0.27337023615837097,0.12836095690727234,0.8797355890274048,0.9871413707733154,0.5112260580062866,-1.8983266353607178,-1.9082846641540527,-1.86018967628479,-2.0004379749298096
0.979999978095293,-0.27005434036254883,0.39035752415657043,-0.4017987549304962,0.3039678633213043,0.052812039852142334,1.0289665460586548,1.1216500997543335,0.256675660610199,-1.7862459421157837,-1.9040701389312744,-1.8382104635238647,-1.8424376249313354
0.9999999776482582,-0.2723808288574219,0.39441657066345215,-0.39704015851020813,0.3490254282951355,0.05913887172937393,1.1558773517608643,1.2324796915054321,0.125627338886261,-1.71007239818573,-1.8602179288864136,-1.7789332866668701,-1.7267299890518188
1.0199999772012234,-0.26611003279685974,0.3950711190700531,-0.3920357823371887,0.3889729678630829,0.14353185892105103,1.2543765306472778,1.3032413721084595,0.11641059070825577,-1.6550943851470947,-1.7847710847854614,-1.674777865409851,-1.6703219413757324
1.0399999767541885,-0.2650623619556427,0.382902592420578,-0.3898247480392456,0.4078114330768585,0.3065614402294159,1.2800854444503784,1.3264037370681763,0.1858898252248764,-1.7268576622009277,-1.767258882522583,-1.5291270017623901,-1.6158778667449951
1.0599999763071537,-0.27237746119499207,0.4315173625946045,-0.3613313138484955,0.4018922746181488,0.4897577166557312,1.265671730041504,1.3177671432495117,0.3451730012893677,-1.842911720275879,-2.0350050926208496,-1.6081877946853638,-1.6747419834136963
1.0799999758601189,-0.2672562599182129,0.44957566261291504,-0.3207557499408722,0.40570738911628723,0.6704556345939636,0.9794225692749023,1.2561885118484497,0.5252892374992371,-1.9124982357025146,-2.2453575134277344,-1.8979871273040771,-1.7757962942123413
1.099999975413084,-0.25877246260643005,0.42813700437545776,-0.2608470320701599,0.4106447696685791,0.8409159779548645,0.5434905290603638,1.0289582014083862,0.6993337273597717,-1.943302869796753,-2.1687631607055664,-2.0458686351776123,-1.8417872190475464
1.1199999749660492,-0.25848808884620667,0.4118751287460327,-0.24078914523124695,0.4078996479511261,0.9920929074287415,0.17656229436397552,0.7034417986869812,0.8585667014122009,-1.9419710636138916,-1.911041259765625,-2.0372540950775146,-1.8732672929763794
1.1399999745190144,-0.2616707682609558,0.40368491411209106,-0.2745904326438904,0.4026758074760437,1.1222373247146606,-0.047052331268787384,0.4157125651836395,1.0018622875213623,-1.9095966815948486,-1.686824083328247,-1.9386191368103027,-1.8711907863616943
1.1599999740719795,-0.26158443093299866,0.40281710028648376,-0.31967583298683167,0.3998851478099823,1.2289930582046509,-0.12082076817750931,0.2480224370956421,1.128240942955017,-1.8425424098968506,-1.55774986743927,-1.8169749975204468,-1.8352752923965454
1.1799999736249447,-0.2587642967700958,0.40546926856040955,-0.3520019054412842,0.3989952504634857,1.308874487876892,-0.05316732078790665,0.21965831518173218,1.2275863885879517,-1.7452088594436646,-1.5081933736801147,-1.7259644269943237,-1.7625354528427124
1.1999999731779099,-0.25719666481018066,0.40280506014823914,-0.36515840888023376,0.4023934006690979,1.3193342685699463,0.13086706399917603,0.3260706067085266,1.2885013818740845,-1.8804105520248413,-1.537093162536621,-1.6779097318649292,-1.6544768810272217
1.219999972730875,-0.2545844614505768,0.40147414803504944,-0.3671085834503174,0.3704584836959839,1.1453198194503784,0.31434401869773865,0.4980087876319885,1.2794252634048462,-2.1405160427093506,-1.696182131767273,-1.776657223701477,-1.7454017400741577
1.2399999722838402,-0.22740618884563446,0.39764195680618286,-0.37083035707473755,0.3255370259284973,0.7741023898124695,0.491414338350296,0.6634620428085327,1.146835207939148,-2.2125868797302246,-1.8117820024490356,-1.8423372507095337,-1.9785317182540894
1.2599999718368053,-0.2247280329465866,0.39694830775260925,-0.3687371015548706,0.2935955822467804,0.41913506388664246,0.6632565259933472,0.8181703686714172,0.8648362755775452,-2.099608898162842,-1.8900907039642334,-1.8747326135635376,-2.0975141525268555
1.2799999713897705,-0.24750380218029022,0.395605206489563,-0.36736854910850525,0.2826625406742096,0.1883789300918579,0.8303541541099548,0.9650744795799255,0.5358402132987976,-1.9234071969985962,-1.9301823377609253,-1.8787028789520264,-2.0234179496765137
1.2999999709427357,-0.2716190814971924,0.39435875415802,-0.3669333755970001,0.3021821975708008,0.08251852542161942,0.987747848033905,1.1039953231811523,0.27630650997161865,-1.798850417137146,-1.9295778274536133,-1.8559606075286865,-1.8727240562438965
1.3199999704957008,-0.2805250585079193,0.3944742679595947,-0.3640829622745514,0.3389322757720947,0.06477531790733337,1.1239924430847168,1.2223408222198486,0.13082662224769592,-1.717545986175537,-1.8885895013809204,-1.799186110496521,-1.7491477727890015
1.339999970048666,-0.2770184278488159,0.39400845766067505,-0.35965412855148315,0.375258207321167,0.12466658651828766,1.231196641921997,1.304086446762085,0.10714263468980789,-1.6653149127960205,-1.8139196634292603,-1.7006511688232422,-1.6873247623443604
1.3599999696016312,-0.2719402313232422,0.3908689320087433,-0.3574216365814209,0.39663180708885193,0.26989758014678955,1.3109427690505981,1.3380306959152222,0.16802218556404114,-1.685857892036438,-1.722216248512268,-1.5601125955581665,-1.640286922454834
1.3799999691545963,-0.27938148379325867,0.43962469696998596,-0.3329830765724182,0.38669446110725403,0.45196038484573364,1.3495689630508423,1.3189265727996826,0.3097054660320282,-1.807631015777588,-1.993090271949768,-1.5966311693191528,-1.6524823904037476
1.3999999687075615,-0.27392929792404175,0.4597397744655609,-0.32705843448638916,0.38970670104026794,0.6291553974151611,1.0990973711013794,1.32827627658844,0.4854845106601715,-1.8833023309707642,-2.2596147060394287,-1.8806593418121338,-1.753196358680725
1.4199999682605267,-0.2634623050689697,0.42821723222732544,-0.2769685983657837,0.3950991630554199,0.797738790512085,0.6479490399360657,1.1491661071777344,0.6566727161407471,-1.9186201095581055,-2.2278518676757812,-2.056394338607788,-1.819345474243164
1.4399999678134918,-0.26001158356666565,0.40701788663864136,-0.2481343150138855,0.39322608709335327,0.9493786692619324,0.2463866025209427,0.8324780464172363,0.8162149786949158,-1.9205039739608765,-1.9637130498886108,-2.0878188610076904,-1.85419762134552
1.459999967366457,-0.2624876797199249,0.3972703814506531,-0.2710026204586029,0.387624591588974,1.0808287858963013,-0.012484421022236347,0.5125619173049927,0.9611625671386719,-1.8925769329071045,-1.7134796380996704,-1.995538353919983,-1.8577580451965332
1.4799999669194221,-0.26237061619758606,0.394255667924881,-0.3144408166408539,0.3851790130138397,1.1908845901489258,-0.11914113909006119,0.299291729927063,1.0910142660140991,-1.8321115970611572,-1.5648974180221558,-1.861115574836731,-1.8292056322097778
1.4999999664723873,-0.2596726417541504,0.395895391702652,-0.34900006651878357,0.3846363425254822,1.2752848863601685,-0.08470521122217178,0.22572317719459534,1.1972544193267822,-1.7401823997497559,-1.502557635307312,-1.7476162910461426,-1.7654091119766235
1.5199999660253525,-0.2521311044692993,0.3919004201889038,-0.36886993050575256,0.3884833753108978,1.2812886238098145,0.08297251909971237,0.29084837436676025,1.263636827468872,-1.8107949495315552,-1.4881718158721924,-1.6771386861801147,-1.6629704236984253
1.5399999655783176,-0.25804999470710754,0.3871366083621979,-0.36736899614334106,0.3558540642261505,1.1383461952209473,0.25862136483192444,0.4479714334011078,1.2618322372436523,-2.0707573890686035,-1.6345195770263672,-1.7311283349990845,-1.702629566192627
1.5599999651312828,-0.23696401715278625,0.38480114936828613,-0.3696655333042145,0.32082459330558777,0.795647919178009,0.43263182044029236,0.6095796227455139,1.1716792583465576,-2.1913788318634033,-1.7624849081039429,-1.8045903444290161,-1.9347847700119019
1.579999964684248,-0.22604791820049286,0.38599923253059387,-0.3663817048072815,0.29045185446739197,0.4404509365558624,0.6014813184738159,0.761421263217926,0.928368866443634,-2.117252826690674,-1.8536144495010376,-1.8457809686660767,-2.0807433128356934
1.5999999642372131,-0.24017474055290222,0.3859196603298187,-0.36364132165908813,0.2778291702270508,0.19711796939373016,0.7671427726745605,0.9063995480537415,0.607945442199707,-1.9480901956558228,-1.907497763633728,-1.8586955070495605,-2.0481622219085693
1.6199999637901783,-0.26213085651397705,0.3842393755912781,-0.3630613088607788,0.295368492603302,0.07948947697877884,0.9264439344406128,1.045540452003479,0.3299746811389923,-1.8197300434112549,-1.9215052127838135,-1.8456100225448608,-1.908113956451416
1.6399999633431435,-0.27388638257980347,0.3825308084487915,-0.3620569705963135,0.3294179439544678,0.049331001937389374,1.0692731142044067,1.1691789627075195,0.15389037132263184,-1.7385064363479614,-1.8952564001083374,-1.801052212715149,-1.7728403806686401
1.6599999628961086,-0.2718835771083832,0.38136616349220276,-0.3586142957210541,0.3656456470489502,0.08921115100383759,1.185741662979126,1.2623462677001953,0.09846028685569763,-1.6823828220367432,-1.8324512243270874,-1.7173113822937012,-1.69539475440979
1.6799999624490738,-0.26691341400146484,0.3783935010433197,-0.3558257520198822,0.3923146724700928,0.19877909123897552,1.2743748426437378,1.3117332458496094,0.1381395310163498,-1.6256088018417358,-1.7468502521514893,-1.5911173820495605,-1.6493175029754639
1.699999962002039,-0.2738499939441681,0.39268773794174194,-0.3522430658340454,0.3918410837650299,0.37949907779693604,1.283706784248352,1.3206759691238403,0.23576311767101288,-1.7658857107162476,-1.9186941385269165,-1.459296703338623,-1.586431622505188
1.7199999615550041,-0.27356407046318054,0.4155486524105072,-0.3490135669708252,0.3941503167152405,0.5572513341903687,1.0850728750228882,1.3428049087524414,0.4087989926338196,-1.8655829429626465,-2.1644418239593506,-1.7021043300628662,-1.7014555931091309
1.7399999611079693,-0.2668726146221161,0.409252405166626,-0.3173680603504181,0.3991732597351074,0.7300168871879578,0.6893372535705566,1.228272795677185,0.578702986240387,-1.9233176708221436,-2.20739483833313,-1.9703038930892944,-1.782476544380188
1.7599999606609344,-0.2606778144836426,0.4017461836338043,-0.2794804573059082,0.4015195965766907,0.8927736282348633,0.2987954616546631,0.9550740718841553,0.7434056997299194,-1.9444353580474854,-1.9984219074249268,-2.0925285816192627,-1.8342512845993042
1.7799999602138996,-0.26176315546035767,0.39761051535606384,-0.27825185656547546,0.39842352271080017,1.037497639656067,0.027191977947950363,0.6224188208580017,0.8972764015197754,-1.9323155879974365,-1.7494785785675049,-2.0487465858459473,-1.855737566947937
1.7999999597668648,-0.26303631067276,0.39577969908714294,-0.31031450629234314,0.3962784707546234,1.161152720451355,-0.10514996200799942,0.36363354325294495,1.0374454259872437,-1.8870211839675903,-1.5912114381790161,-1.9241911172866821,-1.8447260856628418
1.81999995931983,-0.26213493943214417,0.3977612853050232,-0.3434312045574188,0.3951095640659332,1.2589763402938843,-0.10884878039360046,0.23623202741146088,1.156877875328064,-1.8077056407928467,-1.5106103420257568,-1.7989791631698608,-1.798056721687317
1.839999958872795,-0.25879326462745667,0.400577574968338,-0.36645570397377014,0.39579394459724426,1.330600619316101,0.007644576486200094,0.24697458744049072,1.2391929626464844,-1.7078580856323242,-1.483677625656128,-1.7171176671981812,-1.7109391689300537
1.8599999584257603,-0.27972927689552307,0.40079954266548157,-0.36251717805862427,0.400056928396225,1.3525574207305908,0.18891774117946625,0.39124399423599243,1.2918819189071655,-1.975256323814392,-1.6070423126220703,-1.7157504558563232,-1.6003239154815674
1.8799999579787254,-0.2755712568759918,0.394768089056015,-0.3696580231189728,0.39961785078048706,1.1175298690795898,0.3702279031276703,0.5640861988067627,1.3218671083450317,-2.252708911895752,-1.7466188669204712,-1.8059632778167725,-1.8162989616394043
1.8999999575316906,-0.24168844521045685,0.38842660188674927,-0.37470823526382446,0.3576785624027252,0.7051870226860046,0.5451529622077942,0.7261266112327576,1.1547529697418213,-2.2538485527038574,-1.8465040922164917,-1.8588883876800537,-2.037975788116455
1.9199999570846558,-0.24559640884399414,0.38777604699134827,-0.37220996618270874,0.31935104727745056,0.3626616299152374,0.7138450145721436,0.8764866590499878,0.833052933216095,-2.0856921672821045,-1.9102281332015991,-1.880337119102478,-2.117487668991089
1.939999956637621,-0.2735564410686493,0.38658708333969116,-0.37170547246932983,0.301483690738678,0.15741990506649017,0.8764193654060364,1.0177793502807617,0.49169743061065674,-1.9008917808532715,-1.9376931190490723,-1.8738540410995483,-2.0051043033599854
1.959999956190586,-0.2917885482311249,0.3873189091682434,-0.37008345127105713,0.3185911178588867,0.07044459134340286,1.0268607139587402,1.148270606994629,0.2424614578485489,-1.7798362970352173,-1.9258297681808472,-1.8399872779846191,-1.844714641571045
1.9799999557435513,-0.2905404269695282,0.38982445001602173,-0.3649132549762726,0.3530018925666809,0.07059305906295776,1.1543339490890503,1.2547880411148071,0.12060870230197906,-1.7051318883895874,-1.8752028942108154,-1.7708278894424438,-1.7338227033615112
1.9999999552965164,-0.2809106707572937,0.3899528384208679,-0.3596417307853699,0.38447335362434387,0.15078186988830566,1.2531708478927612,1.3210965394973755,0.11900649964809418,-1.6543536186218262,-1.795145869255066,-1.6589168310165405,-1.680657982826233
2.0199999548494816,-0.2771128714084625,0.37228307127952576,-0.35706350207328796,0.3974460959434509,0.3131420314311981,1.2527152299880981,1.3403438329696655,0.1947682797908783,-1.7229747772216797,-1.8209880590438843,-1.507673978805542,-1.6248135566711426
2.0399999544024467,-0.2803920805454254,0.4035727381706238,-0.33363550901412964,0.3954859972000122,0.4962907135486603,1.1417782306671143,1.3313353061676025,0.3563641607761383,-1.8366551399230957,-2.055091619491577,-1.6181124448776245,-1.6841415166854858
2.059999953955412,-0.27604928612709045,0.41603952646255493,-0.3032004237174988,0.39930251240730286,0.6752009987831116,0.8194808959960938,1.2450348138809204,0.5344167947769165,-1.9077019691467285,-2.1919057369232178,-1.9048935174942017,-1.7826262712478638
2.079999953508377,-0.2693832218647003,0.40568143129348755,-0.2607392966747284,0.40358272194862366,0.8448255062103271,0.4198726415634155,0.9997990727424622,0.706290066242218,-1.9426559209823608,-2.068664789199829,-2.0532004833221436,-1.8477004766464233
2.0999999530613422,-0.2695220410823822,0.39613741636276245,-0.2551519572734833,0.401992529630661,0.9973623752593994,0.10604330152273178,0.6746368408203125,0.8662708401679993,-1.944474220275879,-1.824596881866455,-2.0412628650665283,-1.8800063133239746
2.1199999526143074,-0.2711712419986725,0.3912079930305481,-0.2926090359687805,0.3995761275291443,1.129664421081543,-0.0719195008277893,0.3994767963886261,1.0118821859359741,-1.9132956266403198,-1.6384997367858887,-1.938905119895935,-1.8786019086837769
2.1399999521672726,-0.2699057459831238,0.3925645053386688,-0.33568185567855835,0.3985748589038849,1.2374311685562134,-0.1149299368262291,0.24568504095077515,1.1388481855392456,-1.846528172492981,-1.534597396850586,-1.8179556131362915,-1.8416635990142822
2.1599999517202377,-0.2668552100658417,0.3969693183898926,-0.36677372455596924,0.39800000190734863,1.31742262840271,-0.030840344727039337,0.22894178330898285,1.2354272603988647,-1.750596284866333,-1.4935861825942993,-1.7324012517929077,-1.7661042213439941
2.179999951273203,-0.2668500542640686,0.3981156647205353,-0.3777466118335724,0.4016515612602234,1.3299696445465088,0.14993950724601746,0.3448905348777771,1.294051170349121,-1.9061473608016968,-1.5731709003448486,-1.6959267854690552,-1.6563831567764282
2.199999950826168,-0.26381486654281616,0.39701658487319946,-0.3791123330593109,0.3712173402309418,1.1464554071426392,0.33262938261032104,0.5180551409721375,1.287754774093628,-2.169497013092041,-1.7239965200424194,-1.7918283939361572,-1.7621296644210815
2.2199999503791332,-0.2327643781900406,0.394745796918869,-0.3807079493999481,0.32644742727279663,0.764877438545227,0.5102073550224304,0.6844781041145325,1.1467055082321167,-2.226245164871216,-1.8328239917755127,-1.8545500040054321,-1.9910176992416382
2.2399999499320984,-0.2314002513885498,0.395401269197464,-0.3767628073692322,0.2941444218158722,0.4097823202610016,0.6819000840187073,0.8391943573951721,0.8558290004730225,-2.1013050079345703,-1.9048351049423218,-1.8835692405700684,-2.1016945838928223
2.2599999494850636,-0.2564470171928406,0.3946249783039093,-0.37463656067848206,0.2820194363594055,0.18269410729408264,0.8481011986732483,0.9848594069480896,0.5238139629364014,-1.9219039678573608,-1.9396522045135498,-1.8834961652755737,-2.0187883377075195
2.2799999490380287,-0.2796052396297455,0.3946601450443268,-0.37272292375564575,0.3021007478237152,0.08042975515127182,1.0034767389297485,1.1214354038238525,0.26646941900253296,-1.798274278640747,-1.9340635538101196,-1.856491208076477,-1.8650915622711182
2.299999948590994,-0.2858368456363678,0.39633551239967346,-0.36800137162208557,0.339575856924057,0.06679978221654892,1.136876106262207,1.2366582155227661,0.1270790547132492,-1.7182706594467163,-1.888479471206665,-1.795499563217163,-1.7436317205429077
2.319999948143959,-0.2805503010749817,0.3967183530330658,-0.36242786049842834,0.3751513957977295,0.13191784918308258,1.2410606145858765,1.3143651485443115,0.1100984737277031,-1.6668050289154053,-1.810416340827942,-1.6927281618118286,-1.6839216947555542
2.339999947696924,-0.2772143483161926,0.39306390285491943,-0.3601132929325104,0.39342594146728516,0.281112402677536,1.3110393285751343,1.343366265296936,0.17569977045059204,-1.6956937313079834,-1.7293318510055542,-1.5482257604599,-1.6342798471450806
2.3599999472498894,-0.2840888500213623,0.44344833493232727,-0.3347305357456207,0.3818660080432892,0.4629097580909729,1.3294258117675781,1.323466420173645,0.32397782802581787,-1.8160873651504517,-2.010402202606201,-1.6230436563491821,-1.6656265258789062
2.3799999468028545,-0.2777183949947357,0.46183833479881287,-0.29826825857162476,0.38633108139038086,0.6417079567909241,1.059705376625061,1.2486850023269653,0.5022016763687134,-1.8904180526733398,-2.252969980239868,-1.8970569372177124,-1.7672033309936523
2.3999999463558197,-0.2681322991847992,0.4311807155609131,-0.2460106760263443,0.3921229839324951,0.8113541007041931,0.6088569164276123,1.0211002826690674,0.6758515238761902,-1.9249725341796875,-2.2003889083862305,-2.0314366817474365,-1.834863305091858
2.419999945908785,-0.26638129353523254,0.40814799070358276,-0.23160380125045776,0.39062538743019104,0.9626946449279785,0.2156202793121338,0.6992440223693848,0.8357017636299133,-1.9275145530700684,-1.943052053451538,-2.017721652984619,-1.8693838119506836
2.43999994546175,-0.26896944642066956,0.3960627019405365,-0.2707676291465759,0.38592928647994995,1.0943268537521362,-0.03296501561999321,0.4135165214538574,0.9809731841087341,-1.8997098207473755,-1.7041144371032715,-1.9256982803344727,-1.871821403503418
2.459999945014715,-0.26807940006256104,0.39393678307533264,-0.32005923986434937,0.38413184881210327,1.2040761709213257,-0.12692223489284515,0.24375931918621063,1.1108559370040894,-1.8376750946044922,-1.5630334615707397,-1.808693289756775,-1.8412127494812012
2.4799999445676804,-0.2642507553100586,0.3970569968223572,-0.35475271940231323,0.3844746947288513,1.287533164024353,-0.07458451390266418,0.21015949547290802,1.2158440351486206,-1.744010090827942,-1.5085676908493042,-1.716428518295288,-1.7744711637496948
2.4999999441206455,-0.25811636447906494,0.39209944009780884,-0.3730050027370453,0.3889073431491852,1.2943472862243652,0.1072080060839653,0.30692750215530396,1.2808094024658203,-1.8394314050674438,-1.4975054264068604,-1.6579248905181885,-1.6700630187988281
2.5199999436736107,-0.2614867687225342,0.39274123311042786,-0.3712095618247986,0.35904020071029663,1.1363348960876465,0.287202388048172,0.4747037887573242,1.2774089574813843,-2.100764274597168,-1.6583729982376099,-1.7545249462127686,-1.739155650138855
2.539999943226576,-0.2361334264278412,0.3909350037574768,-0.3728850781917572,0.31803667545318604,0.7767825126647949,0.46000605821609497,0.6346715092658997,1.164355754852295,-2.1987826824188232,-1.780846357345581,-1.8214854001998901,-1.9682773351669312
2.559999942779541,-0.2267758995294571,0.39258185029029846,-0.36869320273399353,0.2860985994338989,0.42147839069366455,0.6278364658355713,0.784659743309021,0.9004340767860413,-2.1057631969451904,-1.8660211563110352,-1.856170654296875,-2.0990793704986572
2.579999942332506,-0.24442976713180542,0.3923919200897217,-0.3658177852630615,0.27391016483306885,0.18711413443088531,0.7925620079040527,0.9286069273948669,0.5745012164115906,-1.9345372915267944,-1.9131006002426147,-1.8636870384216309,-2.0417442321777344
2.5999999418854713,-0.26682478189468384,0.3911709487438202,-0.3647508919239044,0.2932942509651184,0.07798658311367035,0.950061559677124,1.0672540664672852,0.30453234910964966,-1.809773325920105,-1.9197008609771729,-1.846304178237915,-1.8915997743606567
2.6199999414384365,-0.27631714940071106,0.39031681418418884,-0.3626876175403595,0.3300075829029083,0.05415646731853485,1.0893081426620483,1.1887633800506592,0.14187905192375183,-1.7281486988067627,-1.8864105939865112,-1.7968964576721191,-1.7583926916122437
2.6399999409914017,-0.2726149260997772,0.3891642391681671,-0.3590332865715027,0.36734896898269653,0.10232280194759369,1.2012674808502197,1.2771580219268799,0.10104962438344955,-1.6744476556777954,-1.8183984756469727,-1.7071679830551147,-1.6880007982254028
2.659999940544367,-0.26366353034973145,0.38638556003570557,-0.3562096953392029,0.3933705985546112,0.22559987008571625,1.2860050201416016,1.320162296295166,0.15075145661830902,-1.6415166854858398,-1.7306803464889526,-1.5753228664398193,-1.6421325206756592
2.679999940097332,-0.27207151055336,0.4288505017757416,-0.34412097930908203,0.3861166834831238,0.40957513451576233,1.310989260673523,1.3268637657165527,0.2788945734500885,-1.7735430002212524,-1.9615408182144165,-1.5168014764785767,-1.6201417446136475
2.699999939650297,-0.27006345987319946,0.44922012090682983,-0.34649476408958435,0.38842129707336426,0.5881493091583252,1.075926423072815,1.3491473197937012,0.4561465084552765,-1.8607412576675415,-2.2137672901153564,-1.7967361211776733,-1.7299317121505737
2.7199999392032623,-0.2613612413406372,0.4234171211719513,-0.30559244751930237,0.3948201835155487,0.7596977949142456,0.6467033624649048,1.196695327758789,0.6282248497009277,-1.9095559120178223,-2.2071683406829834,-2.011195659637451,-1.804409146308899
2.7399999387562275,-0.2567012906074524,0.40552234649658203,-0.27174338698387146,0.39634549617767334,0.9180982708930969,0.25561612844467163,0.8976173400878906,0.7914425730705261,-1.924211859703064,-1.9679478406906128,-2.0884766578674316,-1.848064661026001
2.7599999383091927,-0.2586885988712311,0.39804771542549133,-0.2798811197280884,0.39351892471313477,1.0576510429382324,-0.0017835489707067609,0.5676549077033997,0.9418218731880188,-1.9072511196136475,-1.7260863780975342,-2.0170810222625732,-1.8607091903686523
2.779999937862158,-0.25949084758758545,0.3972852826118469,-0.31486907601356506,0.39240705966949463,1.1758790016174316,-0.11557579785585403,0.33068016171455383,1.0774192810058594,-1.856642246246338,-1.5755879878997803,-1.8849966526031494,-1.8406087160110474
2.799999937415123,-0.25842568278312683,0.40146884322166443,-0.34680894017219543,0.391714870929718,1.267844319343567,-0.09593802690505981,0.23128046095371246,1.1902556419372559,-1.772125244140625,-1.50574791431427,-1.7671560049057007,-1.784468412399292
2.819999936968088,-0.2554907500743866,0.4044773578643799,-0.36700695753097534,0.39445897936820984,1.3064719438552856,0.0470353327691555,0.2701905071735382,1.2621312141418457,-1.7217400074005127,-1.4854763746261597,-1.6941592693328857,-1.6871103048324585
2.8399999365210533,-0.2832629680633545,0.40401121973991394,-0.35978755354881287,0.36046937108039856,1.2910640239715576,0.2270786315202713,0.4263640344142914,1.2688266038894653,-2.0196359157562256,-1.6167269945144653,-1.7333990335464478,-1.6618874073028564
2.8599999360740185,-0.27619266510009766,0.399162620306015,-0.3650788962841034,0.34047701954841614,1.0060575008392334,0.40601417422294617,0.5966777801513672,1.250095009803772,-2.2518506050109863,-1.7497406005859375,-1.8176138401031494,-1.9080911874771118
2.8799999356269836,-0.24560904502868652,0.395704984664917,-0.3662298023700714,0.3074100911617279,0.5980618000030518,0.5771123170852661,0.7534549832344055,1.04691743850708,-2.2178847789764404,-1.8444753885269165,-1.862872838973999,-2.0874228477478027
2.899999935179949,-0.247486412525177,0.39486920833587646,-0.36341747641563416,0.28790390491485596,0.284871906042099,0.7424918413162231,0.8989787101745605,0.723233699798584,-2.0305864810943604,-1.9031462669372559,-1.8768682479858398,-2.105743408203125
2.919999934732914,-0.26966673135757446,0.3929479420185089,-0.36302685737609863,0.2924829423427582,0.11550971120595932,0.9019836187362671,1.0373810529708862,0.41041016578674316,-1.8657251596450806,-1.9236414432525635,-1.8644652366638184,-1.9683724641799927
2.939999934285879,-0.2839823067188263,0.39160966873168945,-0.3624429404735565,0.3197420835494995,0.05494183674454689,1.0477745532989502,1.1639891862869263,0.1962868869304657,-1.761914610862732,-1.903873324394226,-1.8238375186920166,-1.8118484020233154
2.9599999338388443,-0.2820959687232971,0.39178189635276794,-0.35870081186294556,0.3551226854324341,0.07477099448442459,1.1690220832824707,1.2642194032669067,0.10817932337522507,-1.6960461139678955,-1.8460969924926758,-1.746838092803955,-1.712759256362915
2.9799999333918095,-0.275063693523407,0.38997533917427063,-0.35518816113471985,0.3837372064590454,0.16924919188022614,1.2619503736495972,1.3223907947540283,0.12933792173862457,-1.6441785097122192,-1.7621899843215942,-1.6273982524871826,-1.6612826585769653
2.9999999329447746,-0.27675390243530273,0.3831045925617218,-0.35341930389404297,0.3920738101005554,0.3375438153743744,1.2625343799591064,1.336021065711975,0.21676906943321228,-1.7296773195266724,-1.8702523708343506,-1.472230315208435,-1.5884937047958374
3.01999993249774,-0.2747155725955963,0.4050835967063904,-0.33600565791130066,0.39330819249153137,0.5168421268463135,1.1001240015029907,1.3492556810379028,0.3856395184993744,-1.8420175313949585,-2.1023569107055664,-1.6514720916748047,-1.691258430480957
3.039999932050705,-0.2686406075954437,0.4061708152294159,-0.3041771948337555,0.3986957371234894,0.6910328269004822,0.7415817975997925,1.2561050653457642,0.5558931231498718,-1.9107496738433838,-2.193725347518921,-1.9441113471984863,-1.7779088020324707
3.05999993160367,-0.2629467844963074,0.39922142028808594,-0.2620137929916382,0.40133535861968994,0.8569928407669067,0.3510677218437195,0.9975695013999939,0.7225026488304138,-1.9414807558059692,-2.0261728763580322,-2.087108612060547,-1.83584463596344
3.0799999311566353,-0.26390722393989563,0.395250529050827,-0.2582552134990692,0.39840587973594666,1.0062261819839478,0.06217171996831894,0.6646082401275635,0.8785051107406616,-1.938443660736084,-1.775776743888855,-2.0609006881713867,-1.8629034757614136
3.0999999307096004,-0.26541125774383545,0.39335307478904724,-0.2951819598674774,0.3958877921104431,1.135431170463562,-0.08979282528162003,0.3916705548763275,1.0207291841506958,-1.9024194478988647,-1.6074398756027222,-1.9452245235443115,-1.85703706741333
3.1199999302625656,-0.2643001079559326,0.3945380449295044,-0.33610448241233826,0.3947383761405945,1.239877700805664,-0.112941674888134,0.24474167823791504,1.1435327529907227,-1.8316590785980225,-1.5179815292358398,-1.8181544542312622,-1.8157631158828735
3.1399999298155308,-0.26141443848609924,0.39728066325187683,-0.36578813195228577,0.39432790875434875,1.3172401189804077,-0.015986861661076546,0.23574358224868774,1.2335002422332764,-1.7350926399230957,-1.4842529296875,-1.7309540510177612,-1.7353357076644897
3.159999929368496,-0.26919615268707275,0.3958205282688141,-0.37190747261047363,0.39853164553642273,1.3369170427322388,0.1625140756368637,0.3625035285949707,1.2889103889465332,-1.9343650341033936,-1.5839699506759644,-1.6978330612182617,-1.6241843700408936
3.179999928921461,-0.2682172954082489,0.393317312002182,-0.37558209896087646,0.379836767911911,1.1407809257507324,0.3451650142669678,0.536377489566803,1.2974737882614136,-2.2059335708618164,-1.7313505411148071,-1.794519305229187,-1.779289960861206
3.1999999284744263,-0.23569880425930023,0.3901853859424591,-0.3781570494174957,0.33622416853904724,0.7479450702667236,0.5214382410049438,0.7003264427185059,1.145569086074829,-2.242847204208374,-1.8379765748977661,-1.8533906936645508,-2.007246255874634
3.2199999280273914,-0.23655307292938232,0.3907562494277954,-0.37458184361457825,0.3025493323802948,0.3961162865161896,0.6916891932487488,0.852372407913208,0.843234658241272,-2.10093092918396,-1.9077750444412231,-1.8792173862457275,-2.1069180965423584
3.2399999275803566,-0.2634747624397278,0.3900720179080963,-0.3728327751159668,0.28947290778160095,0.17616458237171173,0.8564543724060059,0.9955356121063232,0.5087524652481079,-1.918287992477417,-1.9404255151748657,-1.8764982223510742,-2.0133485794067383
3.2599999271333218,-0.28494992852211,0.39056167006492615,-0.3707561790943146,0.3094538450241089,0.07838736474514008,1.010116696357727,1.1292222738265991,0.25567466020584106,-1.794338583946228,-1.9328922033309937,-1.846835732460022,-1.8573687076568604
3.279999926686287,-0.2881237864494324,0.39254966378211975,-0.36579594016075134,0.3461955785751343,0.06853769719600677,1.141624927520752,1.2407582998275757,0.12364896386861801,-1.71584951877594,-1.885797381401062,-1.7827224731445312,-1.7401889562606812
3.299999926239252,-0.280726820230484,0.3927096426486969,-0.3604033589363098,0.3801182508468628,0.1379706710577011,1.2441842555999756,1.3140262365341187,0.11275921016931534,-1.6643224954605103,-1.8071922063827515,-1.6764980554580688,-1.682768702507019
3.3199999257922173,-0.27775636315345764,0.38405901193618774,-0.35916489362716675,0.394919753074646,0.29292115569114685,1.2870569229125977,1.3399693965911865,0.18235357105731964,-1.708161473274231,-1.764259934425354,-1.5295997858047485,-1.6312298774719238
3.3399999253451824,-0.28393301367759705,0.43645787239074707,-0.33570101857185364,0.3849584758281708,0.475838840007782,1.28058922290802,1.3250763416290283,0.3370939791202545,-1.824051856994629,-2.0327084064483643,-1.6149604320526123,-1.6732105016708374
3.3599999248981476,-0.2777674198150635,0.4536716341972351,-0.3026147484779358,0.3894963562488556,0.6550512909889221,0.9969254732131958,1.2503528594970703,0.5161706209182739,-1.8958806991577148,-2.2467823028564453,-1.8986645936965942,-1.7737871408462524
3.3799999244511127,-0.2684997022151947,0.42643630504608154,-0.2524793744087219,0.39531224966049194,0.8245368599891663,0.55783611536026,1.0177810192108154,0.6893942952156067,-1.9294979572296143,-2.1718173027038574,-2.036874294281006,-1.8397308588027954
3.399999924004078,-0.2671874463558197,0.4054948389530182,-0.24018558859825134,0.3938245177268982,0.975709855556488,0.1847684532403946,0.6941354274749756,0.8487804532051086,-1.9309409856796265,-1.9139599800109863,-2.0239365100860596,-1.8722271919250488
3.419999923557043,-0.26935169100761414,0.3949688971042633,-0.27839896082878113,0.3899173140525818,1.1068716049194336,-0.04562903195619583,0.41026410460472107,0.9934510588645935,-1.9012670516967773,-1.6869518756866455,-1.9285012483596802,-1.8722230195999146
3.4399999231100082,-0.2681451141834259,0.3941870331764221,-0.3252401053905487,0.38857558369636536,1.2153208255767822,-0.12565259635448456,0.24461236596107483,1.1218721866607666,-1.836846947669983,-1.5552239418029785,-1.8092951774597168,-1.8386653661727905
3.4599999226629734,-0.2643933594226837,0.3978893458843231,-0.3582514524459839,0.3888639509677887,1.2970342636108398,-0.06329069286584854,0.2164379358291626,1.2237578630447388,-1.741506576538086,-1.5047357082366943,-1.7190340757369995,-1.7682900428771973
3.4799999222159386,-0.261167973279953,0.39275598526000977,-0.3737393319606781,0.3928849995136261,1.3065805435180664,0.11874061822891235,0.3201011121273041,1.2860420942306519,-1.862362027168274,-1.5154180526733398,-1.666106939315796,-1.6614100933074951
3.4999999217689037,-0.261098176240921,0.39361879229545593,-0.3739628493785858,0.3617641031742096,1.1399850845336914,0.3007323741912842,0.4909590482711792,1.278290033340454,-2.122673988342285,-1.6771749258041382,-1.7664903402328491,-1.7446484565734863
3.519999921321869,-0.2328491508960724,0.3924310505390167,-0.3754182755947113,0.3186337649822235,0.7734400629997253,0.4758637845516205,0.6536531448364258,1.1514711380004883,-2.204895257949829,-1.7968881130218506,-1.8325273990631104,-1.9757341146469116
3.539999920874834,-0.22631609439849854,0.39418962597846985,-0.3713076114654541,0.2870265245437622,0.4183543026447296,0.6458678245544434,0.8058232069015503,0.8756991028785706,-2.1000120639801025,-1.878905177116394,-1.8654601573944092,-2.0983426570892334
3.5599999204277992,-0.2468334585428238,0.394015371799469,-0.3688295781612396,0.27618351578712463,0.1867971122264862,0.8121104836463928,0.9509304761886597,0.5483328104019165,-1.9261906147003174,-1.9227181673049927,-1.8703467845916748,-2.0295751094818115
3.5799999199807644,-0.26966702938079834,0.39325299859046936,-0.36772605776786804,0.2968423068523407,0.08059699088335037,0.9698452353477478,1.089277982711792,0.28543129563331604,-1.8027784824371338,-1.9256647825241089,-1.8493767976760864,-1.878225564956665
3.5999999195337296,-0.27795836329460144,0.3932207226753235,-0.36491659283638,0.3349473774433136,0.061048947274684906,1.1077306270599365,1.208382248878479,0.13365863263607025,-1.7218981981277466,-1.8883577585220337,-1.7951281070709229,-1.7507230043411255
3.6199999190866947,-0.27380117774009705,0.39237290620803833,-0.3608165383338928,0.3725443184375763,0.11688631772994995,1.2173333168029785,1.2921843528747559,0.10376517474651337,-1.669371485710144,-1.8168936967849731,-1.6995759010314941,-1.6860886812210083
3.63999991863966,-0.26905399560928345,0.38810285925865173,-0.35935455560684204,0.3949087858200073,0.2550329566001892,1.2999199628829956,1.3293784856796265,0.16099819540977478,-1.671898365020752,-1.727400541305542,-1.561947226524353,-1.6398364305496216
3.659999918192625,-0.2769659161567688,0.43289467692375183,-0.3376884162425995,0.38712647557258606,0.43818479776382446,1.3302465677261353,1.3238418102264404,0.30209678411483765,-1.795042634010315,-1.98665189743042,-1.564699649810791,-1.6426316499710083
3.67999991774559,-0.27247971296310425,0.45188814401626587,-0.33266499638557434,0.3902488052845001,0.6162447929382324,1.0803399085998535,1.3353835344314575,0.4791017174720764,-1.8744488954544067,-2.2459819316864014,-1.8546005487442017,-1.7467457056045532
3.6999999172985554,-0.26258140802383423,0.422330766916275,-0.28512823581695557,0.3960520923137665,0.7859044671058655,0.6360691785812378,1.1593115329742432,0.6503962874412537,-1.9147531986236572,-2.2162859439849854,-2.041214942932129,-1.8151353597640991
3.7199999168515205,-0.2588186264038086,0.4032013714313507,-0.2556266188621521,0.39538687467575073,0.9399790167808533,0.24113932251930237,0.8457258939743042,0.8109283447265625,-1.9214998483657837,-1.9581865072250366,-2.085413932800293,-1.8524937629699707
3.7399999164044857,-0.2611393630504608,0.39516639709472656,-0.2747173011302948,0.3908385634422302,1.0744696855545044,-0.01323068980127573,0.5235897302627563,0.9576175212860107,-1.897573471069336,-1.7132223844528198,-1.9985640048980713,-1.858693242073059
3.759999915957451,-0.261330246925354,0.39377644658088684,-0.3154670000076294,0.38886964321136475,1.1874860525131226,-0.11851206421852112,0.30545446276664734,1.0893187522888184,-1.8403187990188599,-1.5662816762924194,-1.8649917840957642,-1.8324720859527588
3.779999915510416,-0.2592141926288605,0.3971940279006958,-0.3487182557582855,0.3882494866847992,1.274453043937683,-0.08559812605381012,0.22674088180065155,1.1974329948425293,-1.7506506443023682,-1.503277063369751,-1.751315951347351,-1.7705732583999634
3.799999915063381,-0.24854369461536407,0.39555129408836365,-0.36874157190322876,0.391545832157135,1.2760671377182007,0.07680484652519226,0.28608691692352295,1.264886736869812,-1.797000765800476,-1.4880925416946411,-1.6810836791992188,-1.669075608253479
3.8199999146163464,-0.254097044467926,0.39196154475212097,-0.36795228719711304,0.3554198443889618,1.1426444053649902,0.2534826695919037,0.44508612155914307,1.2584902048110962,-2.0553927421569824,-1.635562777519226,-1.735320806503296,-1.69069504737854
3.8399999141693115,-0.2350463569164276,0.3897874355316162,-0.3708254098892212,0.31860315799713135,0.8096873760223389,0.42949262261390686,0.6098293662071228,1.1730427742004395,-2.185859203338623,-1.765970230102539,-1.8128972053527832,-1.9250651597976685
3.8599999137222767,-0.22349824011325836,0.39072510600090027,-0.36852845549583435,0.28808802366256714,0.4540577232837677,0.6000498533248901,0.764198362827301,0.9354468584060669,-2.12137770652771,-1.8596291542053223,-1.8567924499511719,-2.077526092529297
3.879999913275242,-0.23650282621383667,0.39058345556259155,-0.36623814702033997,0.2770085632801056,0.20606198906898499,0.7671231031417847,0.9107710719108582,0.6176326274871826,-1.9545165300369263,-1.9157694578170776,-1.8710243701934814,-2.0544183254241943
3.899999912828207,-0.2591243386268616,0.3886038064956665,-0.36607712507247925,0.29565927386283875,0.08504844456911087,0.9278499484062195,1.0509623289108276,0.3385649025440216,-1.824960708618164,-1.9315383434295654,-1.8584098815917969,-1.9185911417007446
3.919999912381172,-0.272644966840744,0.3864097595214844,-0.36550280451774597,0.3307643532752991,0.053694646805524826,1.0721499919891357,1.1756144762039185,0.15989336371421814,-1.7431050539016724,-1.9063246250152588,-1.8140583038330078,-1.7837023735046387
3.9399999119341373,-0.27195435762405396,0.3849020004272461,-0.36220648884773254,0.368353009223938,0.09312690049409866,1.1898425817489624,1.2698924541473389,0.10123232007026672,-1.6860980987548828,-1.8437696695327759,-1.7305235862731934,-1.704880952835083
3.9599999114871025,-0.2663879990577698,0.3817526698112488,-0.35918670892715454,0.3965103030204773,0.20386315882205963,1.2791516780853271,1.3201237916946411,0.13842639327049255,-1.635110855102539,-1.7576936483383179,-1.6043548583984375,-1.6584731340408325
3.9799999110400677,-0.27375292778015137,0.40373435616493225,-0.3578139841556549,0.3972037136554718,0.38700583577156067,1.292864203453064,1.3331522941589355,0.24143315851688385,-1.7718563079833984,-1.9315459728240967,-1.4663424491882324,-1.5973140001296997
3.999999910593033,-0.27305158972740173,0.42658644914627075,-0.35923340916633606,0.3992118835449219,0.5666171312332153,1.0899219512939453,1.3599426746368408,0.41839349269866943,-1.8665145635604858,-2.174910545349121,-1.709792971611023,-1.7136006355285645
4.019999910145998,-0.26593321561813354,0.41383880376815796,-0.3264426589012146,0.404635488986969,0.7402503490447998,0.6872535347938538,1.240241289138794,0.591038167476654,-1.9213231801986694,-2.212116003036499,-1.972872018814087,-1.7946394681930542
4.039999909698963,-0.25996604561805725,0.40256384015083313,-0.2864468991756439,0.4072320759296417,0.9028631448745728,0.2946203947067261,0.9602713584899902,0.7573366761207581,-1.9407145977020264,-1.9989537000656128,-2.092545509338379,-1.8456352949142456
4.059999909251928,-0.2612445652484894,0.3980092406272888,-0.28263020515441895,0.40460658073425293,1.0468158721923828,0.024218305945396423,0.6232088804244995,0.9117990732192993,-1.927415370941162,-1.7492380142211914,-2.046086311340332,-1.8655235767364502
4.0799999088048935,-0.26259008049964905,0.39781972765922546,-0.3124680519104004,0.4028306305408478,1.1691802740097046,-0.10518808662891388,0.36384013295173645,1.0517252683639526,-1.8806779384613037,-1.5901823043823242,-1.9192200899124146,-1.8522700071334839
4.099999908357859,-0.26194190979003906,0.4015612006187439,-0.3440469205379486,0.40163594484329224,1.265242099761963,-0.10381679981946945,0.2387884110212326,1.1701428890228271,-1.7995471954345703,-1.5113747119903564,-1.7949920892715454,-1.8029825687408447
4.119999907910824,-0.258657306432724,0.4051760733127594,-0.3658534288406372,0.40239983797073364,1.3351417779922485,0.018206492066383362,0.2533734440803528,1.2500108480453491,-1.6986374855041504,-1.4846915006637573,-1.7150264978408813,-1.7127410173416138
4.139999907463789,-0.2815750539302826,0.4046744108200073,-0.36190682649612427,0.4014885723590851,1.3574076890945435,0.19853852689266205,0.40077832341194153,1.2969924211502075,-1.9776145219802856,-1.6068713665008545,-1.723052740097046,-1.609465479850769
4.159999907016754,-0.27768585085868835,0.3985622823238373,-0.3690580725669861,0.39626702666282654,1.1144767999649048,0.3787277638912201,0.5724704265594482,1.316336989402771,-2.25539493560791,-1.7445833683013916,-1.8108140230178833,-1.8385926485061646
4.179999906569719,-0.24398760497570038,0.39235755801200867,-0.37357380986213684,0.3525671064853668,0.6976033449172974,0.5520795583724976,0.7327502965927124,1.1371091604232788,-2.251713514328003,-1.8426450490951538,-1.8609391450881958,-2.051051378250122
4.1999999061226845,-0.24716390669345856,0.391542911529541,-0.3710711896419525,0.314556360244751,0.3554045557975769,0.7191718816757202,0.8815432786941528,0.811273992061615,-2.077723503112793,-1.9047044515609741,-1.8801954984664917,-2.1159980297088623
4.21999990567565,-0.2734783887863159,0.39027509093284607,-0.37057697772979736,0.2992638051509857,0.1533956378698349,0.880236029624939,1.02168607711792,0.47434908151626587,-1.8951963186264038,-1.9305418729782104,-1.8720980882644653,-1.996648907661438
4.239999905228615,-0.2901562452316284,0.3906608819961548,-0.3691646158695221,0.31742072105407715,0.06880766898393631,1.029036045074463,1.150960922241211,0.23233267664909363,-1.7769657373428345,-1.917160153388977,-1.8366791009902954,-1.8367936611175537
4.25999990478158,-0.2881472408771515,0.39268335700035095,-0.3643221855163574,0.3515888452529907,0.0707184448838234,1.1547597646713257,1.2559552192687988,0.11790676414966583,-1.7038747072219849,-1.8653181791305542,-1.7659478187561035,-1.7288494110107422
4.279999904334545,-0.278678297996521,0.3923487365245819,-0.3594614267349243,0.38248446583747864,0.15212513506412506,1.2521015405654907,1.3206043243408203,0.12156674265861511,-1.6534574031829834,-1.784706711769104,-1.6526992321014404,-1.6762522459030151
4.29999990388751,-0.2745211720466614,0.3753027617931366,-0.3572861850261688,0.39452865719795227,0.31257784366607666,1.2519999742507935,1.3384742736816406,0.1999388486146927,-1.7158010005950928,-1.8257583379745483,-1.5006992816925049,-1.6170228719711304
4.3199999034404755,-0.27551642060279846,0.40558162331581116,-0.33387109637260437,0.3935734033584595,0.49427416920661926,1.1317310333251953,1.3332499265670776,0.3607724606990814,-1.8312859535217285,-2.058164358139038,-1.623401165008545,-1.6815154552459717
4.339999902993441,-0.27091583609580994,0.4150780737400055,-0.30445176362991333,0.3976832926273346,0.6717535853385925,0.8036784529685974,1.246727466583252,0.536278247833252,-1.903421401977539,-2.187868595123291,-1.9118854999542236,-1.7769396305084229
4.359999902546406,-0.2648232877254486,0.4050910174846649,-0.2617940902709961,0.4013659358024597,0.8407177925109863,0.406231164932251,1.0003106594085693,0.7068449258804321,-1.938612937927246,-2.058281898498535,-2.059360980987549,-1.8407270908355713
4.379999902099371,-0.2653524875640869,0.3964812159538269,-0.255443811416626,0.39942681789398193,0.9930431246757507,0.09698238968849182,0.6744399070739746,0.8660897612571716,-1.9404844045639038,-1.8133176565170288,-2.0448598861694336,-1.872422695159912
4.399999901652336,-0.2671186327934265,0.39207974076271057,-0.292031466960907,0.39703160524368286,1.1254096031188965,-0.07619871199131012,0.3994954824447632,1.0111383199691772,-1.9094480276107788,-1.6311531066894531,-1.9401401281356812,-1.8705942630767822
4.419999901205301,-0.2660650610923767,0.3933046758174896,-0.3345712125301361,0.3960173726081848,1.2333619594573975,-0.11597335338592529,0.2461388260126114,1.1373915672302246,-1.843001127243042,-1.5301995277404785,-1.8179118633270264,-1.8332369327545166
4.4399999007582664,-0.26323023438453674,0.3975332975387573,-0.3654329776763916,0.3954485058784485,1.3137012720108032,-0.03063955344259739,0.2296675741672516,1.232931137084961,-1.7478067874908447,-1.4902682304382324,-1.7314376831054688,-1.7571454048156738
4.459999900311232,-0.2642335891723633,0.3983408212661743,-0.37594181299209595,0.3992294669151306,1.3272063732147217,0.1501542329788208,0.34632939100265503,1.29096257686615,-1.9071052074432373,-1.5715163946151733,-1.6937280893325806,-1.6472305059432983
4.479999899864197,-0.26181790232658386,0.3970218598842621,-0.37757471203804016,0.37041759490966797,1.1426492929458618,0.33296000957489014,0.5194490551948547,1.2866562604904175,-2.171271324157715,-1.722391963005066,-1.7894598245620728,-1.7600330114364624
4.499999899417162,-0.23146626353263855,0.39443472027778625,-0.37959185242652893,0.32625359296798706,0.7602339386940002,0.5105267763137817,0.6856445074081421,1.1448577642440796,-2.226367950439453,-1.8313682079315186,-1.8520076274871826,-1.9906169176101685
4.519999898970127,-0.23085597157478333,0.39495232701301575,-0.37592533230781555,0.2944565415382385,0.405830979347229,0.6821889877319336,0.8400782942771912,0.8527458906173706,-2.0996809005737305,-1.903570532798767,-1.8809107542037964,-2.1007213592529297
4.539999898523092,-0.25642669200897217,0.39418405294418335,-0.37397798895835876,0.2827261984348297,0.1801469475030899,0.848400890827179,0.9855374097824097,0.5204795598983765,-1.9201829433441162,-1.938543677330017,-1.8808103799819946,-2.016610860824585
4.559999898076057,-0.27965855598449707,0.3942881226539612,-0.37217196822166443,0.3029725253582001,0.07902137190103531,1.0037647485733032,1.1218500137329102,0.26394182443618774,-1.7966513633728027,-1.933098554611206,-1.8537266254425049,-1.8627097606658936
4.579999897629023,-0.28574883937835693,0.3960327208042145,-0.3675125539302826,0.3404470682144165,0.06637833267450333,1.1371026039123535,1.2366307973861694,0.1258421093225479,-1.7169228792190552,-1.8876655101776123,-1.7924898862838745,-1.7418428659439087
4.599999897181988,-0.28041568398475647,0.39641833305358887,-0.36203476786613464,0.37590792775154114,0.13263119757175446,1.2412645816802979,1.31374192237854,0.11010684818029404,-1.6658480167388916,-1.8098382949829102,-1.6893519163131714,-1.6827632188796997
4.619999896734953,-0.278069406747818,0.3924880921840668,-0.3599163889884949,0.3938901126384735,0.2832016050815582,1.3094538450241089,1.3421783447265625,0.17644034326076508,-1.6986039876937866,-1.7322757244110107,-1.5445079803466797,-1.6333087682724
4.639999896287918,-0.2848520278930664,0.4427340626716614,-0.33489030599594116,0.3824652433395386,0.4651455879211426,1.3244017362594604,1.3235374689102173,0.32566961646080017,-1.8189736604690552,-2.013166904449463,-1.622706651687622,-1.6666812896728516
4.659999895840883,-0.2784484326839447,0.46110445261001587,-0.29836317896842957,0.38703271746635437,0.6441512107849121,1.052268624305725,1.2488893270492554,0.5039733052253723,-1.8931539058685303,-2.253159284591675,-1.8982430696487427,-1.768178105354309
4.679999895393848,-0.2689580023288727,0.43104273080825806,-0.24612469971179962,0.3927568793296814,0.8139899373054504,0.6023871898651123,1.0205541849136353,0.6777106523513794,-1.927494764328003,-2.1975526809692383,-2.0330307483673096,-1.8357877731323242
4.699999894946814,-0.26735714077949524,0.40836620330810547,-0.2319439798593521,0.39115944504737854,0.9654650092124939,0.2116379737854004,0.6982274055480957,0.837693452835083,-1.9297174215316772,-1.9397215843200684,-2.0189034938812256,-1.8702714443206787
4.719999894499779,-0.2699575424194336,0.396383136510849,-0.27121198177337646,0.3864871859550476,1.0971263647079468,-0.03461511805653572,0.41269952058792114,0.983035683631897,-1.9015066623687744,-1.7022894620895386,-1.9264241456985474,-1.8725333213806152
4.739999894052744,-0.26903343200683594,0.3942682445049286,-0.3204624652862549,0.3847154676914215,1.2067559957504272,-0.12687569856643677,0.24346913397312164,1.112789273262024,-1.8390676975250244,-1.5623674392700195,-1.8092724084854126,-1.8415690660476685
4.759999893605709,-0.265206903219223,0.39732903242111206,-0.35514363646507263,0.3850269317626953,1.2899891138076782,-0.07329613715410233,0.2106386423110962,1.2174243927001953,-1.7450846433639526,-1.5083248615264893,-1.717322826385498,-1.7743680477142334
4.779999893158674,-0.25934234261512756,0.39210784435272217,-0.37316563725471497,0.3893539011478424,1.296797513961792,0.10802450031042099,0.308307409286499,1.282106876373291,-1.8430813550949097,-1.501886248588562,-1.6583456993103027,-1.6696823835372925
4.799999892711639,-0.2620301842689514,0.3927885890007019,-0.37153497338294983,0.35581210255622864,1.1403974294662476,0.289034366607666,0.4786602258682251,1.2733744382858276,-2.1041646003723145,-1.660667896270752,-1.7586349248886108,-1.7321327924728394
4.819999892264605,-0.23383237421512604,0.39144086837768555,-0.37308019399642944,0.31274664402008057,0.7820192575454712,0.4635002315044403,0.6410958170890808,1.1554858684539795,-2.198631763458252,-1.7830663919448853,-1.8271228075027466,-1.9637562036514282
4.83999989181757,-0.22357644140720367,0.3931719958782196,-0.36922702193260193,0.2814366817474365,0.42679399251937866,0.6326965689659119,0.7927815914154053,0.8878856301307678,-2.1045374870300293,-1.8685426712036133,-1.8621487617492676,-2.094813823699951
4.859999891370535,-0.2417236566543579,0.39291220903396606,-0.3668571710586548,0.27116212248802185,0.19166721403598785,0.798560380935669,0.937869668006897,0.562426745891571,-1.933607578277588,-1.9157894849777222,-1.8692636489868164,-2.0355238914489746
4.8799998909235,-0.26516708731651306,0.391802042722702,-0.36612021923065186,0.2921023368835449,0.08194467425346375,0.9569438099861145,1.0773680210113525,0.2964397966861725,-1.8091709613800049,-1.9221068620681763,-1.8511728048324585,-1.8867113590240479
4.899999890476465,-0.27549704909324646,0.3913123309612274,-0.36388880014419556,0.3308172821998596,0.05803297460079193,1.0963547229766846,1.1987428665161133,0.1385519653558731,-1.7263166904449463,-1.8880032300949097,-1.80031418800354,-1.7568762302398682
4.91999989002943,-0.272549033164978,0.3903217613697052,-0.3600778877735138,0.36992916464805603,0.10805848985910416,1.207880973815918,1.2858182191848755,0.10186795890331268,-1.672394037246704,-1.8190057277679443,-1.7083759307861328,-1.689520001411438
4.9399998895823956,-0.2669690251350403,0.38733503222465515,-0.35758066177368164,0.396272748708725,0.23766618967056274,1.2919942140579224,1.3268837928771973,0.15430939197540283,-1.6543675661087036,-1.7304348945617676,-1.5741158723831177,-1.6441186666488647
4.959999889135361,-0.2748025953769684,0.4306930899620056,-0.34431201219558716,0.38902273774147034,0.4219104051589966,1.3192507028579712,1.3322862386703491,0.28753140568733215,-1.7838155031204224,-1.9691771268844604,-1.5179221630096436,-1.6295628547668457
4.979999888688326,-0.27235156297683716,0.45063504576683044,-0.34707680344581604,0.3915335536003113,0.6005961894989014,1.0810867547988892,1.3553980588912964,0.46495068073272705,-1.8682841062545776,-2.2233200073242188,-1.8060044050216675,-1.7375128269195557
4.999999888241291,-0.2634296417236328,0.4247293174266815,-0.3037400543689728,0.3978123664855957,0.7718619704246521,0.6478537917137146,1.1984277963638306,0.6373940110206604,-1.9137015342712402,-2.2129602432250977,-2.01835560798645,-1.8102912902832031
5.019999887794256,-0.25896748900413513,0.4073618948459625,-0.2690119743347168,0.3989179730415344,0.929245114326477,0.2550027370452881,0.8948067426681519,0.8006502985954285,-1.9250742197036743,-1.9690524339675903,-2.0925066471099854,-1.8522639274597168
5.039999887347221,-0.2610316574573517,0.4000310003757477,-0.2781473994255066,0.39577582478523254,1.0671466588974,-0.0026784269139170647,0.5632781386375427,0.9502848982810974,-1.905278205871582,-1.7249282598495483,-2.0177555084228516,-1.8628047704696655
5.0599998869001865,-0.2616383135318756,0.3986108899116516,-0.3142618238925934,0.3945097029209137,1.1833301782608032,-0.11493335664272308,0.32795068621635437,1.0844857692718506,-1.852091908454895,-1.5740855932235718,-1.8837769031524658,-1.8402968645095825
5.079999886453152,-0.2601364850997925,0.40184056758880615,-0.3466433584690094,0.3939209580421448,1.2731995582580566,-0.09145072102546692,0.23235160112380981,1.1953984498977661,-1.765463948249817,-1.506141185760498,-1.765777826309204,-1.7816860675811768
5.099999886006117,-0.24886509776115417,0.40219345688819885,-0.36738312244415283,0.3965438902378082,1.2755186557769775,0.05823799967765808,0.2768026888370514,1.2656521797180176,-1.7596250772476196,-1.4875644445419312,-1.6929816007614136,-1.682675838470459
5.119999885559082,-0.26812976598739624,0.4012097716331482,-0.3642701804637909,0.36014270782470703,1.2181400060653687,0.23897671699523926,0.4358859360218048,1.2660714387893677,-2.0356059074401855,-1.6265372037887573,-1.7383935451507568,-1.6672860383987427
5.139999885112047,-0.2568580210208893,0.3968850374221802,-0.3696710467338562,0.3379071354866028,0.9209570288658142,0.41791054606437683,0.605330765247345,1.2487690448760986,-2.2265422344207764,-1.7601124048233032,-1.8210192918777466,-1.9114010334014893
5.159999884665012,-0.2330397367477417,0.3951045870780945,-0.3696947395801544,0.30687224864959717,0.5382347106933594,0.5898343324661255,0.7615980505943298,1.0479220151901245,-2.1823837757110596,-1.8559798002243042,-1.8652305603027344,-2.0944104194641113
5.1799998842179775,-0.2390575259923935,0.3953264355659485,-0.36587855219841003,0.2913327217102051,0.2523631453514099,0.7567929029464722,0.9075486063957214,0.7266746163368225,-2.003715753555298,-1.9138669967651367,-1.8780841827392578,-2.115417242050171
5.199999883770943,-0.2635195255279541,0.39375177025794983,-0.3646825850009918,0.29914841055870056,0.10373688489198685,0.9174635410308838,1.0466487407684326,0.4142889678478241,-1.8492066860198975,-1.9314903020858765,-1.864123821258545,-1.9756133556365967
5.219999883323908,-0.27981680631637573,0.39210671186447144,-0.3638339638710022,0.3284216523170471,0.05796514451503754,1.0632009506225586,1.1730289459228516,0.19977909326553345,-1.751295804977417,-1.907936930656433,-1.8210160732269287,-1.817473292350769
5.239999882876873,-0.2793298363685608,0.3916746973991394,-0.3602488934993744,0.3645002245903015,0.08847171068191528,1.1831469535827637,1.2711623907089233,0.11184938251972198,-1.6880115270614624,-1.8465783596038818,-1.740275502204895,-1.718904972076416
5.259999882429838,-0.2731480896472931,0.38944339752197266,-0.356967031955719,0.3926389813423157,0.1911967545747757,1.2742884159088135,1.32541823387146,0.1327865570783615,-1.635087251663208,-1.7603555917739868,-1.616347074508667,-1.6668692827224731
5.279999881982803,-0.27584341168403625,0.39226576685905457,-0.35545963048934937,0.3973318040370941,0.368937224149704,1.2777714729309082,1.3360413312911987,0.22023120522499084,-1.7582873106002808,-1.9007349014282227,-1.464406967163086,-1.5900845527648926
5.2999998815357685,-0.2730526626110077,0.41577979922294617,-0.33807435631752014,0.39947402477264404,0.5479646325111389,1.0951035022735596,1.3530464172363281,0.39135897159576416,-1.8606747388839722,-2.1356441974639893,-1.6700855493545532,-1.6968261003494263
5.319999881088734,-0.26612693071365356,0.4118511974811554,-0.30248042941093445,0.4045982360839844,0.7202162146568298,0.7179765105247498,1.2508201599121094,0.5610713362693787,-1.9204363822937012,-2.2045376300811768,-1.956627607345581,-1.7808955907821655
5.339999880641699,-0.260385662317276,0.40289849042892456,-0.26111283898353577,0.40618520975112915,0.8825328350067139,0.32774290442466736,0.984573483467102,0.725938618183136,-1.9431514739990234,-2.0164055824279785,-2.093043565750122,-1.8356846570968628
5.359999880194664,-0.26157453656196594,0.3978232443332672,-0.25965359807014465,0.40218472480773926,1.0269373655319214,0.04675653204321861,0.6497972011566162,0.8799809813499451,-1.932757019996643,-1.7638506889343262,-2.060116767883301,-1.8599662780761719
5.379999879747629,-0.26298874616622925,0.3951089680194855,-0.2964839041233063,0.3990320563316345,1.1507148742675781,-0.09629411995410919,0.38129112124443054,1.020611047744751,-1.8898321390151978,-1.5991976261138916,-1.9399224519729614,-1.8519684076309204
5.399999879300594,-0.2618175745010376,0.39571458101272583,-0.3355492353439331,0.39740288257598877,1.2494293451309204,-0.11075214296579361,0.2414814829826355,1.1418817043304443,-1.8129960298538208,-1.514029860496521,-1.8121662139892578,-1.8090182542800903
5.4199998788535595,-0.25859567523002625,0.39694541692733765,-0.363741010427475,0.39714330434799194,1.3218187093734741,-0.005714460276067257,0.24008800089359283,1.2288050651550293,-1.713417887687683,-1.4836090803146362,-1.7265841960906982,-1.7267712354660034
5.439999878406525,-0.2739088535308838,0.3949592411518097,-0.3659132122993469,0.4016094207763672,1.3461804389953613,0.17132189869880676,0.37561526894569397,1.2838982343673706,-1.9529767036437988,-1.586838960647583,-1.7014018297195435,-1.6166783571243286
5.45999987795949,-0.26950564980506897,0.3916623592376709,-0.37045377492904663,0.38851261138916016,1.1343834400177002,0.35337013006210327,0.5492546558380127,1.299796223640442,-2.227299690246582,-1.7309502363204956,-1.7956268787384033,-1.7900114059448242
5.479999877512455,-0.2355635017156601,0.38697579503059387,-0.3745274543762207,0.3452586829662323,0.7319886088371277,0.5289193391799927,0.7122468948364258,1.1437464952468872,-2.2470366954803467,-1.835017204284668,-1.851902961730957,-2.013988733291626
5.49999987706542,-0.23823527991771698,0.3869364857673645,-0.37174370884895325,0.3104602098464966,0.38311225175857544,0.6981045603752136,0.8628003597259521,0.8351790904998779,-2.0939455032348633,-1.9030627012252808,-1.875416874885559,-2.1064183712005615
5.519999876618385,-0.26637306809425354,0.3862740397453308,-0.3705900013446808,0.2955925464630127,0.1685725599527359,0.8615493774414062,1.0042872428894043,0.4985346496105194,-1.9106721878051758,-1.9345414638519287,-1.8708291053771973,-2.0061631202697754
5.5399998761713505,-0.28758129477500916,0.38710105419158936,-0.36877769231796265,0.31365346908569336,0.07461166381835938,1.0137170553207397,1.135938286781311,0.24778537452220917,-1.788195252418518,-1.9262069463729858,-1.8393349647521973,-1.848642349243164
5.559999875724316,-0.28969162702560425,0.38964688777923584,-0.3636743426322937,0.3485775887966156,0.06818199902772903,1.1436623334884644,1.2449389696121216,0.12079709768295288,-1.7113856077194214,-1.8785920143127441,-1.773236870765686,-1.7337688207626343
5.579999875277281,-0.28174811601638794,0.39014941453933716,-0.35823068022727966,0.38075849413871765,0.1412716805934906,1.2449326515197754,1.3150440454483032,0.11453717201948166,-1.6605644226074219,-1.8002113103866577,-1.6648279428482056,-1.6779489517211914
5.599999874830246,-0.27750423550605774,0.372532457113266,-0.3567492663860321,0.39360952377319336,0.29771360754966736,1.2642163038253784,1.3383790254592896,0.18746882677078247,-1.7090030908584595,-1.7857754230499268,-1.516560673713684,-1.6248857975006104
5.619999874383211,-0.28245264291763306,0.4195905327796936,-0.33478501439094543,0.38766589760780334,0.4808805584907532,1.2362066507339478,1.3250389099121094,0.34648993611335754,-1.8245712518692017,-2.0405545234680176,-1.6084872484207153,-1.6774696111679077
5.639999873936176,-0.2765403091907501,0.43697986006736755,-0.3064592182636261,0.3925316631793976,0.6601048707962036,0.9464429616928101,1.2485843896865845,0.52553790807724,-1.8966773748397827,-2.232963800430298,-1.8988782167434692,-1.7773913145065308
5.6599998734891415,-0.2675984501838684,0.4161964952945709,-0.26020151376724243,0.3985675871372223,0.82973712682724,0.5190567970275879,1.0122419595718384,0.6983537673950195,-1.9313442707061768,-2.1443569660186768,-2.0423789024353027,-1.842679738998413
5.679999873042107,-0.26643624901771545,0.3997628092765808,-0.2499077171087265,0.39752882719039917,0.9814206957817078,0.16187624633312225,0.6874455809593201,0.857632577419281,-1.9335647821426392,-1.8890552520751953,-2.0298848152160645,-1.8745075464248657
5.699999872595072,-0.26827239990234375,0.3916882872581482,-0.28757262229919434,0.39439037442207336,1.1130754947662354,-0.05429545417428017,0.4059659242630005,1.002036452293396,-1.9040052890777588,-1.6718941926956177,-1.9319177865982056,-1.8732305765151978
5.719999872148037,-0.26689451932907104,0.3922525942325592,-0.3324885964393616,0.3934171795845032,1.2215023040771484,-0.12329195439815521,0.24418295919895172,1.1292715072631836,-1.839276909828186,-1.5472904443740845,-1.8114991188049316,-1.8376600742340088
5.739999871701002,-0.2632754147052765,0.3966655135154724,-0.3638582229614258,0.3936278223991394,1.3028663396835327,-0.053253643214702606,0.22010977566242218,1.2286608219146729,-1.7440093755722046,-1.499633550643921,-1.7229769229888916,-1.7646459341049194
5.759999871253967,-0.2612271010875702,0.3949730098247528,-0.37681543827056885,0.39789488911628723,1.3140950202941895,0.12956692278385162,0.32851526141166687,1.2890009880065918,-1.8781119585037231,-1.535430669784546,-1.6754000186920166,-1.6558990478515625
5.7799998708069324,-0.26241356134414673,0.3941699266433716,-0.37804368138313293,0.3662625849246979,1.1433515548706055,0.31220975518226624,0.5005958676338196,1.2826378345489502,-2.1410441398620605,-1.6929329633712769,-1.774511694908142,-1.7556284666061401
5.799999870359898,-0.23280327022075653,0.3925608694553375,-0.3792974352836609,0.3216851055622101,0.7721888422966003,0.4882684350013733,0.66436767578125,1.146726131439209,-2.2148892879486084,-1.80906343460083,-1.838957667350769,-1.9846805334091187
5.819999869912863,-0.22759617865085602,0.3940154016017914,-0.3750242292881012,0.28906846046447754,0.4175819754600525,0.6589875221252441,0.8173086643218994,0.8626183867454529,-2.1026487350463867,-1.8876930475234985,-1.8703484535217285,-2.0994648933410645
5.839999869465828,-0.24972963333129883,0.39376550912857056,-0.3725040853023529,0.2774518132209778,0.18768170475959778,0.8253539204597473,0.9627665877342224,0.5337690711021423,-1.9267657995224,-1.9281874895095825,-1.8736095428466797,-2.0230417251586914
5.859999869018793,-0.2729395627975464,0.39364734292030334,-0.3708024322986603,0.29795166850090027,0.08234069496393204,0.9823746085166931,1.1007107496261597,0.2747228741645813,-1.8029963970184326,-1.9279491901397705,-1.8506718873977661,-1.8708888292312622
5.879999868571758,-0.28094837069511414,0.3946763873100281,-0.36693400144577026,0.3359413146972656,0.06409000605344772,1.1186271905899048,1.2185827493667603,0.12928304076194763,-1.7219399213790894,-1.887466549873352,-1.7941136360168457,-1.7461187839508057
5.899999868124723,-0.2767695188522339,0.39468812942504883,-0.36199575662612915,0.37299495935440063,0.12261690199375153,1.2261786460876465,1.3003337383270264,0.10547266900539398,-1.6692546606063843,-1.813391923904419,-1.696001410484314,-1.6837505102157593
5.919999867677689,-0.27077364921569824,0.39148572087287903,-0.3597271740436554,0.3945273160934448,0.26426687836647034,1.306963562965393,1.3347444534301758,0.1665133833885193,-1.6793596744537354,-1.7226886749267578,-1.555970549583435,-1.6366831064224243
5.939999867230654,-0.27766385674476624,0.4378170967102051,-0.3352801203727722,0.3850945234298706,0.4464482069015503,1.338448405265808,1.3200913667678833,0.30850139260292053,-1.8020004034042358,-1.991075038909912,-1.5833923816680908,-1.6489109992980957
5.959999866783619,-0.2724305987358093,0.4554399847984314,-0.3366982042789459,0.38825273513793945,0.6230576634407043,1.084567666053772,1.3471647500991821,0.4832912087440491,-1.8792921304702759,-2.254822254180908,-1.8705520629882812,-1.749143123626709
5.979999866336584,-0.2619127929210663,0.42438676953315735,-0.2883620262145996,0.3938225507736206,0.7914040684700012,0.6372551918029785,1.179581642150879,0.6532999277114868,-1.9164228439331055,-2.2225863933563232,-2.056140422821045,-1.8147730827331543
5.999999865889549,-0.2579052448272705,0.4044242799282074,-0.2567322850227356,0.3924582302570343,0.9439440369606018,0.24214044213294983,0.8669885993003845,0.8129647970199585,-1.9197028875350952,-1.9594579935073853,-2.1037540435791016,-1.8501558303833008
6.019999865442514,-0.2598939836025238,0.3954710364341736,-0.27374351024627686,0.38748157024383545,1.0765115022659302,-0.01187129132449627,0.5398484468460083,0.9583452939987183,-1.892930269241333,-1.7116950750350952,-2.0143485069274902,-1.8543905019760132
6.03999986499548,-0.2596648037433624,0.39246270060539246,-0.3141634464263916,0.38541409373283386,1.1875972747802734,-0.11669537425041199,0.3157893419265747,1.0883902311325073,-1.8336941003799438,-1.5645040273666382,-1.8759907484054565,-1.8263866901397705
6.059999864548445,-0.25714683532714844,0.3941788971424103,-0.3481019139289856,0.3848646879196167,1.2730083465576172,-0.0839085653424263,0.23221559822559357,1.1946983337402344,-1.7429883480072021,-1.5013318061828613,-1.7576524019241333,-1.7630341053009033
6.07999986410141,-0.24947215616703033,0.39091548323631287,-0.3683888912200928,0.3883659541606903,1.2787201404571533,0.08022687584161758,0.2895070016384125,1.2610405683517456,-1.8060235977172852,-1.4868929386138916,-1.6841639280319214,-1.6608110666275024
6.099999863654375,-0.25462013483047485,0.3886072039604187,-0.36762675642967224,0.3549255430698395,1.1415272951126099,0.25763869285583496,0.4487471580505371,1.2581027746200562,-2.0653903484344482,-1.6351274251937866,-1.733054757118225,-1.691960334777832
6.11999986320734,-0.23491063714027405,0.38643673062324524,-0.37043827772140503,0.3189507722854614,0.8021637201309204,0.43362024426460266,0.6134315729141235,1.1716607809066772,-2.1893515586853027,-1.7642602920532227,-1.8100570440292358,-1.9274355173110962
6.139999862760305,-0.22410714626312256,0.3873099386692047,-0.3681528866291046,0.289400577545166,0.44528666138648987,0.6036984920501709,0.7669034600257874,0.9315516948699951,-2.119412660598755,-1.8571195602416992,-1.8527802228927612,-2.0785796642303467
6.159999862313271,-0.23775823414325714,0.3872530460357666,-0.36585724353790283,0.2787860035896301,0.19942794740200043,0.7701088786125183,0.9123780727386475,0.6124961972236633,-1.9505897760391235,-1.9125125408172607,-1.8658851385116577,-2.0518710613250732
6.179999861866236,-0.26008859276771545,0.38558512926101685,-0.3655020594596863,0.29769957065582275,0.08119983226060867,0.9300351738929749,1.0515363216400146,0.33417925238609314,-1.8210091590881348,-1.9274522066116333,-1.8523436784744263,-1.9138309955596924
6.199999861419201,-0.27286747097969055,0.3837178647518158,-0.36469951272010803,0.3326694965362549,0.05233219638466835,1.0734095573425293,1.1751090288162231,0.15726710855960846,-1.7391916513442993,-1.9014426469802856,-1.8071279525756836,-1.7786539793014526
6.219999860972166,-0.27169546484947205,0.38237544894218445,-0.3613263666629791,0.36973220109939575,0.09401935338973999,1.1901934146881104,1.2680706977844238,0.10078369826078415,-1.682577133178711,-1.838390588760376,-1.722619891166687,-1.7012033462524414
6.239999860525131,-0.265127569437027,0.37942010164260864,-0.3581816554069519,0.39732131361961365,0.20789334177970886,1.278800129890442,1.316712737083435,0.13937105238437653,-1.637237548828125,-1.752447485923767,-1.5954358577728271,-1.6552294492721558
6.259999860078096,-0.27236422896385193,0.41104552149772644,-0.3552978038787842,0.3973971903324127,0.3925256133079529,1.2972537279129028,1.3323707580566406,0.25445112586021423,-1.7712340354919434,-1.9412449598312378,-1.472709059715271,-1.6049306392669678
6.2799998596310616,-0.27212342619895935,0.43128421902656555,-0.3633342981338501,0.39869967103004456,0.5731866359710693,1.0824819803237915,1.3664802312850952,0.43436571955680847,-1.8620251417160034,-2.1865460872650146,-1.7381113767623901,-1.7213295698165894
6.299999859184027,-0.2643008232116699,0.4128289818763733,-0.3287423849105835,0.4049336910247803,0.7470694780349731,0.668414294719696,1.2358537912368774,0.6085307598114014,-1.9148601293563843,-2.2082479000091553,-1.9851677417755127,-1.801177740097046
6.319999858736992,-0.25864604115486145,0.39995747804641724,-0.28974077105522156,0.4077611565589905,0.9090592265129089,0.276586651802063,0.9468581676483154,0.7748427987098694,-1.9333909749984741,-1.9866634607315063,-2.092686176300049,-1.849932074546814
6.339999858289957,-0.2601076066493988,0.39623942971229553,-0.2870948612689972,0.40579351782798767,1.0522481203079224,0.0125834746286273,0.6083997488021851,0.9285801649093628,-1.9197402000427246,-1.741090178489685,-2.037003755569458,-1.8672146797180176
6.359999857842922,-0.2614421248435974,0.397909551858902,-0.31643033027648926,0.4047110378742218,1.173717737197876,-0.10923243314027786,0.3543102443218231,1.0673109292984009,-1.8723115921020508,-1.5853345394134521,-1.9070652723312378,-1.8511956930160522
6.379999857395887,-0.2609735131263733,0.4037999212741852,-0.34647098183631897,0.40381237864494324,1.2686318159103394,-0.09929299354553223,0.23749659955501556,1.1836427450180054,-1.7902541160583496,-1.5100802183151245,-1.7851247787475586,-1.7987360954284668
6.3999998569488525,-0.25753915309906006,0.4088369309902191,-0.3664541244506836,0.40518254041671753,1.3357123136520386,0.03147796168923378,0.26087188720703125,1.2595101594924927,-1.6912637948989868,-1.4851933717727661,-1.7083275318145752,-1.7045818567276
6.419999856501818,-0.28776174783706665,0.4064316749572754,-0.36103555560112,0.3851544260978699,1.354219913482666,0.20979924499988556,0.41160356998443604,1.289437174797058,-1.984983205795288,-1.610600233078003,-1.7295958995819092,-1.6349046230316162
6.439999856054783,-0.28599104285240173,0.40091586112976074,-0.36686426401138306,0.36860916018486023,1.0960479974746704,0.3884309232234955,0.5816876888275146,1.289286732673645,-2.2596869468688965,-1.7449631690979004,-1.8144065141677856,-1.877983808517456
6.459999855607748,-0.2515069246292114,0.3966856300830841,-0.3684961795806885,0.3262505531311035,0.6720250844955444,0.5594257116317749,0.7397509217262268,1.091970682144165,-2.246981143951416,-1.8393406867980957,-1.861824631690979,-2.072845935821533
6.479999855160713,-0.25240516662597656,0.3958463966846466,-0.36545175313949585,0.29416587948799133,0.33192169666290283,0.7242223024368286,0.886282742023468,0.7620177268981934,-2.061931848526001,-1.8987436294555664,-1.8785011768341064,-2.1100127696990967
6.499999854713678,-0.27453523874282837,0.39409998059272766,-0.3650273382663727,0.2885909378528595,0.13802559673786163,0.8833770155906677,1.0249886512756348,0.4364188313484192,-1.8847978115081787,-1.9223510026931763,-1.8686944246292114,-1.9793200492858887
6.5199998542666435,-0.28726574778556824,0.39345017075538635,-0.36421430110931396,0.31223779916763306,0.059756115078926086,1.0302953720092773,1.1529386043548584,0.209935262799263,-1.7727656364440918,-1.9071283340454102,-1.8317137956619263,-1.8216898441314697
6.539999853819609,-0.28362417221069336,0.3941221237182617,-0.36038169264793396,0.3476877808570862,0.06626077741384506,1.1541903018951416,1.2563352584838867,0.11010585725307465,-1.703041672706604,-1.8540363311767578,-1.7594473361968994,-1.718241810798645
6.559999853372574,-0.2747071385383606,0.3926180303096771,-0.3566364645957947,0.3782837688922882,0.15065255761146545,1.250174641609192,1.3195149898529053,0.12369275093078613,-1.6528719663619995,-1.7731682062149048,-1.6452544927597046,-1.6661064624786377
6.579999852925539,-0.2701817750930786,0.37726083397865295,-0.3553854823112488,0.3894416093826294,0.3091443181037903,1.2513277530670166,1.336930513381958,0.20703667402267456,-1.7057660818099976,-1.8328256607055664,-1.4935482740402222,-1.6011443138122559
6.599999852478504,-0.26952964067459106,0.40601181983947754,-0.333242803812027,0.3878396153450012,0.4895053207874298,1.119997262954712,1.337309718132019,0.36931392550468445,-1.8234525918960571,-2.063113212585449,-1.632758617401123,-1.6820873022079468
6.619999852031469,-0.2644159495830536,0.4123059809207916,-0.3046685457229614,0.39276808500289917,0.6654465198516846,0.7841241359710693,1.2499635219573975,0.5420426726341248,-1.8978745937347412,-2.183445692062378,-1.922387719154358,-1.77425217628479
6.6399998515844345,-0.2586973011493683,0.40238937735557556,-0.26289501786231995,0.39625319838523865,0.8338276743888855,0.3890545070171356,1.001785397529602,0.7108618021011353,-1.9347797632217407,-2.0455448627471924,-2.068209171295166,-1.8363597393035889
6.6599998511374,-0.2594814598560333,0.39492639899253845,-0.25704801082611084,0.39423415064811707,0.9863260984420776,0.08597861230373383,0.675230085849762,0.8690721988677979,-1.9380067586898804,-1.8004590272903442,-2.050398349761963,-1.8671371936798096
6.679999850690365,-0.2612844407558441,0.3914637863636017,-0.2933010756969452,0.3920719623565674,1.1194177865982056,-0.0807725265622139,0.4006901681423187,1.0134971141815186,-1.908205270767212,-1.6236988306045532,-1.942833662033081,-1.8648053407669067
6.69999985024333,-0.26038551330566406,0.393167108297348,-0.3352665603160858,0.3912212550640106,1.2283661365509033,-0.11650768667459488,0.2477429062128067,1.13905930519104,-1.8430521488189697,-1.5260604619979858,-1.8192806243896484,-1.8270021677017212
6.719999849796295,-0.25793105363845825,0.3976893126964569,-0.36586910486221313,0.3906070590019226,1.3098114728927612,-0.029479099437594414,0.23131681978702545,1.2336314916610718,-1.749353289604187,-1.487886905670166,-1.7318589687347412,-1.750392198562622
6.73999984934926,-0.2592655420303345,0.3984941840171814,-0.37611913681030273,0.3946051597595215,1.3230105638504028,0.1506023406982422,0.34797683358192444,1.2907911539077759,-1.905289649963379,-1.5712642669677734,-1.6936414241790771,-1.6399645805358887
6.7599998489022255,-0.2588127553462982,0.39703306555747986,-0.3778252601623535,0.3669391870498657,1.1388990879058838,0.3332754075527191,0.5208886861801147,1.2877222299575806,-2.169430732727051,-1.72188401222229,-1.7889842987060547,-1.7578321695327759
6.779999848455191,-0.2298068255186081,0.3944016993045807,-0.37991631031036377,0.324025958776474,0.7567164301872253,0.5106712579727173,0.6868489980697632,1.1460002660751343,-2.2256245613098145,-1.8308213949203491,-1.8513789176940918,-1.990683674812317
6.799999848008156,-0.2296823412179947,0.39487016201019287,-0.3763199746608734,0.2934792637825012,0.4025798439979553,0.6821976900100708,0.8410266637802124,0.8535996675491333,-2.0984933376312256,-1.9031038284301758,-1.8801279067993164,-2.101513385772705
6.819999847561121,-0.25545403361320496,0.3940637707710266,-0.3744497299194336,0.28261369466781616,0.17790906131267548,0.848325788974762,0.986249566078186,0.5209790468215942,-1.9190478324890137,-1.9382132291793823,-1.8798936605453491,-2.0169713497161865
6.839999847114086,-0.27872234582901,0.39414384961128235,-0.37271419167518616,0.30342456698417664,0.07792606949806213,1.0036503076553345,1.1223007440567017,0.2642458379268646,-1.7958983182907104,-1.932904839515686,-1.8526309728622437,-1.862599492073059
6.859999846667051,-0.2848641872406006,0.3958170711994171,-0.36816853284835815,0.3410606384277344,0.06625878810882568,1.1370329856872559,1.2367850542068481,0.12617743015289307,-1.7163305282592773,-1.8876416683197021,-1.791176438331604,-1.7415939569473267
6.8799998462200165,-0.27958986163139343,0.3961714804172516,-0.36273130774497986,0.37663397192955017,0.1333627849817276,1.2412387132644653,1.313527226448059,0.11048267781734467,-1.665217399597168,-1.8100000619888306,-1.687761902809143,-1.6825428009033203
6.899999845772982,-0.27807068824768066,0.3921428620815277,-0.3606582581996918,0.3946050703525543,0.28510090708732605,1.3084737062454224,1.3416002988815308,0.1768314242362976,-1.701255440711975,-1.734216570854187,-1.5426291227340698,-1.6331264972686768
6.919999845325947,-0.2848531901836395,0.44242003560066223,-0.335883766412735,0.3832286596298218,0.46711063385009766,1.322685956954956,1.3235976696014404,0.32624122500419617,-1.8212459087371826,-2.0149834156036377,-1.6228166818618774,-1.6670278310775757
6.939999844878912,-0.2784886658191681,0.4608210027217865,-0.29903924465179443,0.3877660036087036,0.6462844610214233,1.049816608428955,1.2489533424377441,0.5046411752700806,-1.895132303237915,-2.253699779510498,-1.8992712497711182,-1.7685163021087646
6.959999844431877,-0.26900580525398254,0.4313545823097229,-0.24621577560901642,0.3934710621833801,0.8162445425987244,0.6002744436264038,1.0200382471084595,0.6784937381744385,-1.9290885925292969,-2.1970794200897217,-2.0340898036956787,-1.8361177444458008
6.979999843984842,-0.2675064504146576,0.4090225398540497,-0.231962651014328,0.39176058769226074,0.9677216410636902,0.2102658599615097,0.6972746253013611,0.8385735750198364,-1.9308663606643677,-1.938899040222168,-2.0195422172546387,-1.8705408573150635
6.9999998435378075,-0.2701476514339447,0.39717021584510803,-0.2712418735027313,0.38703230023384094,1.0992624759674072,-0.03517730161547661,0.4118484556674957,0.9839475750923157,-1.9021795988082886,-1.7014771699905396,-1.9265483617782593,-1.872649908065796
7.019999843090773,-0.2692667841911316,0.39490118622779846,-0.32047900557518005,0.38520029187202454,1.2086611986160278,-0.12651970982551575,0.243072047829628,1.1136633157730103,-1.8392528295516968,-1.562175989151001,-1.8091113567352295,-1.8414939641952515
7.039999842643738,-0.2654440701007843,0.3977004587650299,-0.3551555573940277,0.38549986481666565,1.2916377782821655,-0.07218858599662781,0.2108944058418274,1.2181274890899658,-1.744903802871704,-1.5084564685821533,-1.717402458190918,-1.7740404605865479
7.059999842196703,-0.26007968187332153,0.39221298694610596,-0.3730411231517792,0.389810174703598,1.2989091873168945,0.10928761214017868,0.30953940749168396,1.2827363014221191,-1.8463481664657593,-1.5047101974487305,-1.658421516418457,-1.6692522764205933
7.079999841749668,-0.2622278928756714,0.3929027020931244,-0.3716840147972107,0.35454073548316956,1.1426281929016113,0.29067692160606384,0.4812462031841278,1.2720117568969727,-2.1075234413146973,-1.6622881889343262,-1.7609328031539917,-1.7296243906021118
7.099999841302633,-0.232562854886055,0.3917096257209778,-0.37318679690361023,0.31039294600486755,0.783974826335907,0.4658048450946808,0.6446704268455505,1.1519941091537476,-2.1998560428619385,-1.7843714952468872,-1.8298144340515137,-1.96233069896698
7.1199998408555984,-0.2220996469259262,0.39337754249572754,-0.36951082944869995,0.2793433368206024,0.4285305440425873,0.6355060935020447,0.7969373464584351,0.8826902508735657,-2.1047277450561523,-1.86971914768219,-1.8646451234817505,-2.0935497283935547
7.139999840408564,-0.2406792938709259,0.39304864406585693,-0.3673257827758789,0.27006733417510986,0.19305214285850525,0.8017375469207764,0.94231116771698,0.5574560165405273,-1.9334689378738403,-1.916725754737854,-1.8712514638900757,-2.033409595489502
7.159999839961529,-0.2646239101886749,0.39199545979499817,-0.3666491210460663,0.2918723225593567,0.08316641300916672,0.960318386554718,1.0819538831710815,0.2930876314640045,-1.808767557144165,-1.9226031303405762,-1.852556586265564,-1.8847941160202026
7.179999839514494,-0.27518361806869507,0.3916437327861786,-0.3643409013748169,0.3314269483089447,0.05959990248084068,1.0996276140213013,1.2030495405197144,0.13715703785419464,-1.7253634929656982,-1.8878960609436035,-1.800790548324585,-1.7560261487960815
7.199999839067459,-0.2724897861480713,0.3906881511211395,-0.36052238941192627,0.37103626132011414,0.11091265082359314,1.2108263969421387,1.2893712520599365,0.10236877202987671,-1.6714497804641724,-1.8183400630950928,-1.7077109813690186,-1.6895831823349
7.219999838620424,-0.2685938775539398,0.38760584592819214,-0.3582010269165039,0.39722639322280884,0.24338190257549286,1.2945916652679443,1.3294442892074585,0.1561090052127838,-1.6599828004837036,-1.7293819189071655,-1.5722841024398804,-1.6440399885177612
7.239999838173389,-0.2771358788013458,0.43044978380203247,-0.34780243039131165,0.3894944190979004,0.42751017212867737,1.322330117225647,1.3318886756896973,0.29128608107566833,-1.7883051633834839,-1.9723576307296753,-1.527387022972107,-1.6337026357650757
7.259999837726355,-0.27378538250923157,0.45188435912132263,-0.35040077567100525,0.392726331949234,0.6065396070480347,1.0824687480926514,1.354661226272583,0.4688703715801239,-1.8719850778579712,-2.22786283493042,-1.8158022165298462,-1.7408246994018555
7.27999983727932,-0.26436907052993774,0.4258715808391571,-0.3052760064601898,0.3993130922317505,0.7779344916343689,0.647605299949646,1.1953246593475342,0.6414939761161804,-1.9161933660507202,-2.214986562728882,-2.0241036415100098,-1.8127167224884033
7.299999836832285,-0.259998619556427,0.4083632528781891,-0.26987510919570923,0.40023481845855713,0.9349833726882935,0.2546445429325104,0.8902209401130676,0.8049315214157104,-1.9260964393615723,-1.9689487218856812,-2.094381093978882,-1.854166030883789
7.31999983638525,-0.26216408610343933,0.40107783675193787,-0.279013991355896,0.396833598613739,1.072143316268921,-0.0026898705400526524,0.5592936277389526,0.9543108940124512,-1.9048064947128296,-1.7240209579467773,-2.016861915588379,-1.8637298345565796
7.339999835938215,-0.2628188729286194,0.399414986371994,-0.3151299059391022,0.39529991149902344,1.1873257160186768,-0.11395688354969025,0.3260101079940796,1.087894320487976,-1.8501060009002686,-1.573188066482544,-1.8823482990264893,-1.8399674892425537
7.35999983549118,-0.2611953914165497,0.40224695205688477,-0.3471165895462036,0.3946876525878906,1.276138186454773,-0.08874227106571198,0.2326204627752304,1.1979072093963623,-1.7622007131576538,-1.5058966875076294,-1.7645694017410278,-1.7800508737564087
7.379999835044146,-0.24838605523109436,0.4015510082244873,-0.3674846887588501,0.3974570333957672,1.2724175453186035,0.0637524276971817,0.27929970622062683,1.2670652866363525,-1.7732594013214111,-1.487862467765808,-1.6916760206222534,-1.6798605918884277
7.399999834597111,-0.25353169441223145,0.4001937806606293,-0.36562833189964294,0.36319562792778015,1.1554179191589355,0.24306491017341614,0.4385715425014496,1.2661521434783936,-2.030819892883301,-1.6305932998657227,-1.7397587299346924,-1.6648943424224854
7.419999834150076,-0.2384651154279709,0.3960821330547333,-0.3712335228919983,0.33846357464790344,0.8391093611717224,0.42156267166137695,0.6064738631248474,1.2422170639038086,-2.1841201782226562,-1.7659838199615479,-1.82133150100708,-1.9032996892929077
7.439999833703041,-0.22084259986877441,0.3956948220729828,-0.3706985116004944,0.30726051330566406,0.47916272282600403,0.5938818454742432,0.7621425986289978,1.0378689765930176,-2.1369080543518066,-1.8646575212478638,-1.8664600849151611,-2.0897467136383057
7.459999833256006,-0.23006902635097504,0.3966807723045349,-0.36681196093559265,0.29231810569763184,0.22054673731327057,0.7624984979629517,0.9092373847961426,0.7178378701210022,-1.9729887247085571,-1.9241913557052612,-1.8809633255004883,-2.111652374267578
7.479999832808971,-0.25612306594848633,0.39530009031295776,-0.36556556820869446,0.30228519439697266,0.0922517403960228,0.9250317215919495,1.0503536462783813,0.4098140597343445,-1.832971453666687,-1.9418600797653198,-1.8686201572418213,-1.974936604499817
7.499999832361937,-0.27452996373176575,0.39323970675468445,-0.36489617824554443,0.3334971070289612,0.0596221461892128,1.0719494819641113,1.177880883216858,0.19891399145126343,-1.7441272735595703,-1.9177370071411133,-1.825932264328003,-1.8215926885604858
7.519999831914902,-0.2759431004524231,0.392097532749176,-0.3615835905075073,0.37118589878082275,0.09793508052825928,1.1922341585159302,1.2755671739578247,0.11294900625944138,-1.68429434299469,-1.8557984828948975,-1.7443103790283203,-1.726358413696289
7.539999831467867,-0.26937341690063477,0.3894597887992859,-0.35818901658058167,0.40078598260879517,0.21002022922039032,1.2832534313201904,1.3281826972961426,0.134107768535614,-1.6475070714950562,-1.7693564891815186,-1.6189079284667969,-1.6749346256256104
7.559999831020832,-0.27571818232536316,0.41608136892318726,-0.3575243353843689,0.4034840762615204,0.39549410343170166,1.2974056005477905,1.3449331521987915,0.23450785875320435,-1.7809935808181763,-1.9399464130401611,-1.4717735052108765,-1.599331021308899
7.579999830573797,-0.2744044065475464,0.4373108446598053,-0.3569589853286743,0.4053768217563629,0.5769485235214233,1.0913116931915283,1.3676484823226929,0.4146023392677307,-1.871469497680664,-2.178652286529541,-1.696075201034546,-1.717116355895996
7.599999830126762,-0.2677364647388458,0.41911253333091736,-0.32718634605407715,0.41031819581985474,0.7512122988700867,0.6861125826835632,1.247098684310913,0.5896198153495789,-1.9232600927352905,-2.2169270515441895,-1.964045763015747,-1.8000094890594482
7.6199998296797276,-0.26174262166023254,0.4041751027107239,-0.28839829564094543,0.41302621364593506,0.9135916233062744,0.29230713844299316,0.964384138584137,0.757395327091217,-1.940452218055725,-2.001931667327881,-2.08777117729187,-1.8517180681228638
7.639999829232693,-0.2627504765987396,0.3983079791069031,-0.2838626801967621,0.410767138004303,1.0567333698272705,0.022470291703939438,0.6247299313545227,0.9130710363388062,-1.925034523010254,-1.7497466802597046,-2.043290376663208,-1.8718316555023193
7.659999828785658,-0.263850599527359,0.3983404338359833,-0.3128238618373871,0.4091973304748535,1.1776553392410278,-0.10506980121135712,0.36451825499534607,1.0540012121200562,-1.8758673667907715,-1.5894687175750732,-1.9169403314590454,-1.8584707975387573
7.679999828338623,-0.26295042037963867,0.40271249413490295,-0.34356504678726196,0.4080996513366699,1.2716964483261108,-0.10106412321329117,0.24018269777297974,1.172884464263916,-1.79219388961792,-1.5107144117355347,-1.793501615524292,-1.8086025714874268
7.699999827891588,-0.25882843136787415,0.4063336253166199,-0.3646811544895172,0.40907424688339233,1.3369293212890625,0.023900771513581276,0.2565988302230835,1.2520561218261719,-1.6922492980957031,-1.4841430187225342,-1.7151565551757812,-1.7172598838806152
7.719999827444553,-0.2860714793205261,0.40554988384246826,-0.36148637533187866,0.40557795763015747,1.3554625511169434,0.20366398990154266,0.4069467782974243,1.2971367835998535,-1.9808450937271118,-1.605829119682312,-1.7270435094833374,-1.618112325668335
7.7399998269975185,-0.2822000980377197,0.39964136481285095,-0.36845117807388306,0.3978647291660309,1.1048598289489746,0.38372424244880676,0.578671395778656,1.3127442598342896,-2.255786180496216,-1.7424578666687012,-1.8136652708053589,-1.850195288658142
7.759999826550484,-0.24761828780174255,0.39379939436912537,-0.3724939525127411,0.352817177772522,0.6866604089736938,0.5565429329872131,0.7383337616920471,1.127893328666687,-2.2475690841674805,-1.8396893739700317,-1.8622913360595703,-2.056978464126587
7.779999826103449,-0.24927406013011932,0.3932132422924042,-0.36983612179756165,0.31412020325660706,0.3472978174686432,0.7229308485984802,0.886309027671814,0.7993984818458557,-2.070565938949585,-1.900998592376709,-1.880049705505371,-2.1143639087677
7.799999825656414,-0.2738649249076843,0.39222198724746704,-0.3691816031932831,0.2995580732822418,0.14940819144248962,0.883227527141571,1.025799036026001,0.4642534554004669,-1.8906328678131104,-1.9258770942687988,-1.8707427978515625,-1.9907665252685547
7.819999825209379,-0.28940433263778687,0.3925309181213379,-0.36785560846328735,0.31788766384124756,0.06776607781648636,1.0311096906661987,1.1542876958847046,0.22602331638336182,-1.7744287252426147,-1.911486029624939,-1.834082841873169,-1.8309426307678223
7.839999824762344,-0.2868807315826416,0.39430826902389526,-0.3632327616214752,0.35161319375038147,0.07205251604318619,1.1557689905166626,1.2581487894058228,0.11605086922645569,-1.702564001083374,-1.8587673902511597,-1.761985421180725,-1.724673867225647
7.8599998243153095,-0.27753594517707825,0.3937007486820221,-0.3587023913860321,0.38180747628211975,0.15551191568374634,1.252174735069275,1.321405053138733,0.12321849167346954,-1.6524869203567505,-1.7777810096740723,-1.647470474243164,-1.6725703477859497
7.879999823868275,-0.2735837996006012,0.37784579396247864,-0.35661745071411133,0.39318782091140747,0.31609025597572327,1.251861572265625,1.3382620811462402,0.20368894934654236,-1.7147607803344727,-1.832563042640686,-1.4948217868804932,-1.6106805801391602
7.89999982342124,-0.2725066840648651,0.4069659411907196,-0.33343926072120667,0.3926522135734558,0.49656015634536743,1.1222161054611206,1.3355973958969116,0.36347731947898865,-1.8306901454925537,-2.0640602111816406,-1.6292742490768433,-1.6797620058059692
7.919999822974205,-0.2677653729915619,0.41399770975112915,-0.304854154586792,0.39681899547576904,0.67267906665802,0.7882574796676636,1.247457504272461,0.5367852449417114,-1.9026734828948975,-2.1864025592803955,-1.9193006753921509,-1.7726513147354126
7.93999982252717,-0.2620914578437805,0.4049573838710785,-0.2620156407356262,0.39996108412742615,0.8408153057098389,0.3928833305835724,0.9988994598388672,0.7062565088272095,-1.9370704889297485,-2.0499324798583984,-2.0651800632476807,-1.8354600667953491
7.959999822080135,-0.262951523065567,0.3975543677806854,-0.25523313879966736,0.39765480160713196,0.9925137162208557,0.08815032243728638,0.6720840930938721,0.8649722337722778,-1.9380251169204712,-1.8039422035217285,-2.047163963317871,-1.866828203201294
7.9799998216331005,-0.26486942172050476,0.3935585916042328,-0.29133474826812744,0.3951665461063385,1.124397873878479,-0.0801774337887764,0.39801448583602905,1.009777545928955,-1.9062113761901855,-1.6257857084274292,-1.9404133558273315,-1.8649542331695557
7.999999821186066,-0.2639545500278473,0.3944358825683594,-0.3333318531513214,0.3941139876842499,1.231879472732544,-0.11670040339231491,0.24585337936878204,1.1356760263442993,-1.839266061782837,-1.5274585485458374,-1.8173198699951172,-1.8275401592254639
8.01999982073903,-0.26125699281692505,0.3982293903827667,-0.3638644516468048,0.393561989068985,1.3119150400161743,-0.02949259802699089,0.23067675530910492,1.2306413650512695,-1.7441192865371704,-1.489338755607605,-1.730295181274414,-1.751349687576294
8.039999820291996,-0.26339054107666016,0.3986630439758301,-0.37350115180015564,0.39742887020111084,1.326667070388794,0.15178634226322174,0.34898072481155396,1.2885662317276,-1.9093472957611084,-1.5702674388885498,-1.6925560235977173,-1.641750693321228
8.059999819844961,-0.26147955656051636,0.3971171975135803,-0.3756980001926422,0.37038740515708923,1.1411809921264648,0.33449435234069824,0.5220507383346558,1.2867289781570435,-2.1751270294189453,-1.7210798263549805,-1.7886123657226562,-1.7616705894470215
8.079999819397926,-0.23112916946411133,0.3943202793598175,-0.3780895471572876,0.326703816652298,0.7575305700302124,0.511726438999176,0.6876462697982788,1.1439844369888306,-2.2278873920440674,-1.8301823139190674,-1.8505834341049194,-1.9923183917999268
8.099999818950891,-0.23094312846660614,0.3947503864765167,-0.3746504485607147,0.2952229976654053,0.403589129447937,0.6830683350563049,0.8414864540100098,0.8506892919540405,-2.0989232063293457,-1.9024232625961304,-1.8790345191955566,-2.101222276687622
8.119999818503857,-0.2568260133266449,0.39397531747817993,-0.3728489577770233,0.28381630778312683,0.17904581129550934,0.849012017250061,0.9864827990531921,0.5181947350502014,-1.9192087650299072,-1.937365174293518,-1.878639817237854,-2.0156328678131104
8.139999818056822,-0.279860258102417,0.3940374553203583,-0.37119290232658386,0.3042343258857727,0.07864179462194443,1.0041569471359253,1.122340202331543,0.2623039186000824,-1.7956801652908325,-1.931898832321167,-1.8512598276138306,-1.8612873554229736
8.159999817609787,-0.28553423285484314,0.39566731452941895,-0.3667200803756714,0.34166914224624634,0.06657768785953522,1.1373026371002197,1.236505389213562,0.12532897293567657,-1.7160533666610718,-1.88650643825531,-1.7895922660827637,-1.7410856485366821
8.179999817162752,-0.2799546420574188,0.39589083194732666,-0.3614358901977539,0.37696176767349243,0.13343672454357147,1.2413227558135986,1.3128703832626343,0.1104089617729187,-1.6647082567214966,-1.8088340759277344,-1.685927391052246,-1.6822428703308105
8.199999816715717,-0.2784842550754547,0.3916982412338257,-0.35950371623039246,0.39460432529449463,0.2852979302406311,1.3059889078140259,1.3407827615737915,0.17719724774360657,-1.7011653184890747,-1.73696768283844,-1.5406781435012817,-1.6322702169418335
8.219999816268682,-0.28518301248550415,0.44223132729530334,-0.33497124910354614,0.38316723704338074,0.46746814250946045,1.318444848060608,1.323296308517456,0.3273200988769531,-1.8212031126022339,-2.016629695892334,-1.6219342947006226,-1.6672343015670776
8.239999815821648,-0.2789819836616516,0.46010661125183105,-0.29942160844802856,0.38766899704933167,0.646721363067627,1.044253945350647,1.2491942644119263,0.5058315992355347,-1.8951627016067505,-2.252603054046631,-1.900026798248291,-1.7688360214233398
8.259999815374613,-0.26961368322372437,0.43082544207572937,-0.24749873578548431,0.3933391869068146,0.8167397379875183,0.5955876111984253,1.020193338394165,0.6797208786010742,-1.9292222261428833,-2.1938977241516113,-2.0348587036132812,-1.8364231586456299
8.279999814927578,-0.26811641454696655,0.40879106521606445,-0.23352903127670288,0.3916822671890259,0.9683372974395752,0.20733995735645294,0.6975812315940857,0.8397353887557983,-1.9310756921768188,-1.9358335733413696,-2.02028226852417,-1.8705227375030518
8.299999814480543,-0.27060723304748535,0.3972322940826416,-0.2724856436252594,0.3872263431549072,1.0999897718429565,-0.03643073886632919,0.4121730327606201,0.9850550293922424,-1.9024187326431274,-1.7000771760940552,-1.9269882440567017,-1.8723938465118408
8.319999814033508,-0.2695918381214142,0.39521071314811707,-0.32135531306266785,0.3856332004070282,1.2093815803527832,-0.12683233618736267,0.24349500238895416,1.114588975906372,-1.8395017385482788,-1.5611903667449951,-1.8094748258590698,-1.8410024642944336
8.339999813586473,-0.2657487690448761,0.398190975189209,-0.3558633029460907,0.3859829008579254,1.2923094034194946,-0.0717075988650322,0.2118225395679474,1.2187002897262573,-1.74516761302948,-1.5080121755599976,-1.7182437181472778,-1.773187279701233
8.359999813139439,-0.2601381540298462,0.39263415336608887,-0.3734856843948364,0.39027848839759827,1.2995494604110718,0.10989236831665039,0.3110980689525604,1.2829872369766235,-1.8481136560440063,-1.5057882070541382,-1.6596431732177734,-1.6681382656097412
8.379999812692404,-0.2622123956680298,0.3933335840702057,-0.3724227547645569,0.3562995493412018,1.1419888734817505,0.29130318760871887,0.48242098093032837,1.2732266187667847,-2.109846830368042,-1.6645160913467407,-1.7617543935775757,-1.7344837188720703
8.399999812245369,-0.2329358607530594,0.3921211063861847,-0.37392640113830566,0.31204620003700256,0.7823551893234253,0.4662373661994934,0.6454119086265564,1.1516650915145874,-2.2011826038360596,-1.7865594625473022,-1.8300721645355225,-1.9660168886184692
8.419999811798334,-0.22303344309329987,0.3938685357570648,-0.37013041973114014,0.2803969979286194,0.4272804856300354,0.6359261274337769,0.7975494265556335,0.8813052177429199,-2.1047160625457764,-1.8716298341751099,-1.8647111654281616,-2.0949394702911377
8.4399998113513,-0.2417837679386139,0.3935854434967041,-0.36784541606903076,0.27071672677993774,0.19267232716083527,0.8021450042724609,0.9428807497024536,0.556006908416748,-1.933152437210083,-1.918277382850647,-1.8712379932403564,-2.033170461654663
8.459999810904264,-0.26528385281562805,0.39255550503730774,-0.36707231402397156,0.29251033067703247,0.08338579535484314,0.9606629014015198,1.0823254585266113,0.29208987951278687,-1.8085095882415771,-1.9239113330841064,-1.85236656665802,-1.8842586278915405
8.47999981045723,-0.27533406019210815,0.3921663761138916,-0.36472490429878235,0.33198532462120056,0.0602421872317791,1.0998965501785278,1.2031829357147217,0.1367708444595337,-1.7257165908813477,-1.889050006866455,-1.8004345893859863,-1.7558388710021973
8.499999810010195,-0.27231666445732117,0.39112430810928345,-0.36093392968177795,0.37140947580337524,0.11180256307125092,1.2110811471939087,1.2893253564834595,0.10245845466852188,-1.6720257997512817,-1.8194499015808105,-1.7072532176971436,-1.6897904872894287
8.51999980956316,-0.26873549818992615,0.38793042302131653,-0.3586704432964325,0.3974768817424774,0.24480456113815308,1.294866919517517,1.329261064529419,0.15638506412506104,-1.6622627973556519,-1.7305493354797363,-1.5717756748199463,-1.6443108320236206
8.539999809116125,-0.2772980034351349,0.43073946237564087,-0.348215788602829,0.3897542953491211,0.42880117893218994,1.3225383758544922,1.331512451171875,0.2917320132255554,-1.7900079488754272,-1.9739323854446411,-1.5283470153808594,-1.6344243288040161
8.55999980866909,-0.2738594114780426,0.452086865901947,-0.3507380187511444,0.39301833510398865,0.6078126430511475,1.0820966958999634,1.3546370267868042,0.469316303730011,-1.8732811212539673,-2.2289910316467285,-1.8170522451400757,-1.7414411306381226
8.579999808222055,-0.2643870413303375,0.42610374093055725,-0.3054075539112091,0.39961951971054077,0.779151976108551,0.6470398902893066,1.195264220237732,0.641957700252533,-1.917133092880249,-2.215689182281494,-2.0253384113311768,-1.8132739067077637
8.59999980777502,-0.2600633502006531,0.40856754779815674,-0.2698655426502228,0.4004695415496826,0.9360755681991577,0.25417762994766235,0.8898636698722839,0.8053675889968872,-1.9267371892929077,-1.9693621397018433,-2.0952305793762207,-1.8546663522720337
8.619999807327986,-0.26222461462020874,0.4013250470161438,-0.27895331382751465,0.3970390856266022,1.0730799436569214,-0.0028993578162044287,0.5588833689689636,0.9546976089477539,-1.9051704406738281,-1.7245328426361084,-2.0171802043914795,-1.8641610145568848
8.639999806880951,-0.2628938555717468,0.39959999918937683,-0.3150891065597534,0.3954765498638153,1.1880897283554077,-0.11392231285572052,0.32575109601020813,1.0882622003555298,-1.8502485752105713,-1.573866605758667,-1.8824084997177124,-1.8403576612472534
8.659999806433916,-0.26127663254737854,0.40230414271354675,-0.3471263349056244,0.3948367238044739,1.2767313718795776,-0.08843676000833511,0.232577383518219,1.1982101202011108,-1.762189507484436,-1.5065877437591553,-1.764592170715332,-1.7803800106048584
8.679999805986881,-0.24858611822128296,0.40144336223602295,-0.3676183223724365,0.3975676894187927,1.2732220888137817,0.06434144824743271,0.2794913351535797,1.2672584056854248,-1.7742527723312378,-1.4882967472076416,-1.69186532497406,-1.68013596534729
8.699999805539846,-0.2536301612854004,0.400077223777771,-0.3658006191253662,0.36331263184547424,1.1559706926345825,0.24340856075286865,0.43883681297302246,1.2663238048553467,-2.031832695007324,-1.6310738325119019,-1.7400778532028198,-1.6651198863983154
8.719999805092812,-0.23844905197620392,0.39593997597694397,-0.3713957965373993,0.3385374844074249,0.8392419219017029,0.4218314290046692,0.6066887378692627,1.242319941520691,-2.184598445892334,-1.7662272453308105,-1.8215245008468628,-1.9034744501113892
8.739999804645777,-0.2207871377468109,0.3955349326133728,-0.3708501160144806,0.30731040239334106,0.4791889488697052,0.594076931476593,0.7622934579849243,1.0379751920700073,-2.1371922492980957,-1.8647181987762451,-1.8665584325790405,-2.089836835861206
8.759999804198742,-0.22994227707386017,0.3965076208114624,-0.366951048374176,0.2924247086048126,0.22053179144859314,0.7625675201416016,0.9093142151832581,0.7180001735687256,-1.973288655281067,-1.9241172075271606,-1.8809982538223267,-2.111759901046753
8.779999803751707,-0.25598424673080444,0.3950803577899933,-0.36573493480682373,0.3023386597633362,0.09228649735450745,0.9250297546386719,1.050349473953247,0.4098995327949524,-1.8333216905593872,-1.9417362213134766,-1.8685847520828247,-1.9748777151107788
8.799999803304672,-0.2743886709213257,0.392971009016037,-0.36510536074638367,0.3334576189517975,0.059664685279130936,1.0718858242034912,1.1778241395950317,0.1989266276359558,-1.7443373203277588,-1.9175872802734375,-1.825866937637329,-1.821467399597168
8.819999802857637,-0.2757950723171234,0.39183226227760315,-0.36179524660110474,0.3710944354534149,0.09799598902463913,1.1921401023864746,1.275510549545288,0.1128944680094719,-1.684370994567871,-1.8556474447250366,-1.744275450706482,-1.7262670993804932
8.839999802410603,-0.2692389488220215,0.38921016454696655,-0.3583833873271942,0.4006780982017517,0.2099817395210266,1.283126711845398,1.3281177282333374,0.13399077951908112,-1.6473193168640137,-1.7692667245864868,-1.61891508102417,-1.6748515367507935
8.859999801963568,-0.275617778301239,0.41584867238998413,-0.3578004240989685,0.4034203290939331,0.39542996883392334,1.2975348234176636,1.3448439836502075,0.2343425303697586,-1.7808696031570435,-1.9398547410964966,-1.4714224338531494,-1.5991626977920532
8.879999801516533,-0.27432480454444885,0.4371727406978607,-0.3573993742465973,0.40528377890586853,0.5768631100654602,1.0918267965316772,1.367732286453247,0.4143628180027008,-1.8713853359222412,-2.178550958633423,-1.6951241493225098,-1.7168525457382202
8.899999801069498,-0.2676663100719452,0.4190487861633301,-0.3276682496070862,0.4102333188056946,0.7511089444160461,0.6866043210029602,1.247606873512268,0.5893542766571045,-1.92317795753479,-2.21718692779541,-1.9635545015335083,-1.799760341644287
8.919999800622463,-0.2616688311100006,0.40417832136154175,-0.28869208693504333,0.41295093297958374,0.9134512543678284,0.29248514771461487,0.9649607539176941,0.7571178674697876,-1.9403785467147827,-2.0022313594818115,-2.0877699851989746,-1.8514870405197144
8.939999800175428,-0.26265808939933777,0.39840713143348694,-0.2839116156101227,0.41071227192878723,1.0565723180770874,0.02238871529698372,0.6250774264335632,0.9127572774887085,-1.9249751567840576,-1.750111699104309,-2.0435492992401123,-1.871629238128662
8.959999799728394,-0.26377418637275696,0.3982379138469696,-0.3128919005393982,0.40912383794784546,1.177500605583191,-0.10535690933465958,0.36460915207862854,1.0536463260650635,-1.8758562803268433,-1.5894012451171875,-1.9171925783157349,-1.8582477569580078
8.979999799281359,-0.2628638446331024,0.4024927318096161,-0.34369373321533203,0.4080086946487427,1.271550178527832,-0.10127677768468857,0.24011752009391785,1.1724886894226074,-1.792201280593872,-1.5108305215835571,-1.7937219142913818,-1.8083581924438477
8.999999798834324,-0.25907960534095764,0.40615758299827576,-0.3648097515106201,0.4089117646217346,1.3375400304794312,0.02362649142742157,0.256480872631073,1.2517801523208618,-1.6912895441055298,-1.4842379093170166,-1.7150295972824097,-1.717072606086731
9.019999798387289,-0.2867874503135681,0.4054887890815735,-0.3613472282886505,0.4046182632446289,1.3599756956100464,0.2033543586730957,0.4067346155643463,1.2962361574172974,-1.979388952255249,-1.6053571701049805,-1.726744532585144,-1.6196449995040894
9.039999797940254,-0.28349506855010986,0.3996444344520569,-0.3681895136833191,0.39652714133262634,1.110970139503479,0.38336238265037537,0.5784342288970947,1.3112565279006958,-2.257297992706299,-1.7418060302734375,-1.8133974075317383,-1.8526890277862549
9.05999979749322,-0.24853283166885376,0.3937695324420929,-0.37216052412986755,0.3513399064540863,0.6906951665878296,0.5560982823371887,0.7380799651145935,1.1256440877914429,-2.249530553817749,-1.8387683629989624,-1.8619294166564941,-2.057904005050659
9.079999797046185,-0.24997210502624512,0.3930751383304596,-0.3695085346698761,0.31284695863723755,0.3491462469100952,0.7222998142242432,0.8859102725982666,0.7970440983772278,-2.0717148780822754,-1.8999112844467163,-1.8795573711395264,-2.1135873794555664
9.09999979659915,-0.2741878032684326,0.39200612902641296,-0.36886686086654663,0.29876118898391724,0.14976491034030914,0.8823671340942383,1.025137186050415,0.4624401330947876,-1.890857458114624,-1.9247920513153076,-1.8701192140579224,-1.9895991086959839
9.119999796152115,-0.28935331106185913,0.39227041602134705,-0.3675656020641327,0.3172658085823059,0.06737517565488815,1.030132532119751,1.1535011529922485,0.22494448721408844,-1.7747652530670166,-1.9104963541030884,-1.833457350730896,-1.8300527334213257
9.13999979570508,-0.28663814067840576,0.39399969577789307,-0.36301782727241516,0.3509003221988678,0.0712347999215126,1.154791235923767,1.2574317455291748,0.11556875705718994,-1.703015685081482,-1.8578872680664062,-1.7614891529083252,-1.7239073514938354
9.159999795258045,-0.2772250175476074,0.39334794878959656,-0.358544260263443,0.38112834095954895,0.15417645871639252,1.2512356042861938,1.3207803964614868,0.12301553040742874,-1.6526280641555786,-1.777058482170105,-1.6471229791641235,-1.6717907190322876
9.17999979481101,-0.272992342710495,0.37712064385414124,-0.3565794825553894,0.39253631234169006,0.31401368975639343,1.2510757446289062,1.3376715183258057,0.20348112285137177,-1.7125270366668701,-1.830828309059143,-1.4945766925811768,-1.6099176406860352
9.199999794363976,-0.27201199531555176,0.40655818581581116,-0.3334265947341919,0.3920120596885681,0.49446243047714233,1.1223379373550415,1.3351554870605469,0.36317697167396545,-1.8290890455245972,-2.062440872192383,-1.6288084983825684,-1.679052710533142
9.21999979391694,-0.26729294657707214,0.4137778580188751,-0.3050333559513092,0.39621812105178833,0.6706277132034302,0.7889643907546997,1.247505784034729,0.5364413857460022,-1.901636004447937,-2.1855149269104004,-1.9188244342803955,-1.7720136642456055
9.239999793469906,-0.2616647481918335,0.40459245443344116,-0.26238635182380676,0.3993559777736664,0.838902473449707,0.39359861612319946,0.9995071887969971,0.7059221863746643,-1.9365211725234985,-2.0499584674835205,-2.065070390701294,-1.8349149227142334
9.259999793022871,-0.2624838352203369,0.3971830904483795,-0.25545889139175415,0.3971199095249176,0.9909015893936157,0.0886683389544487,0.6728477478027344,0.8647031784057617,-1.9379217624664307,-1.8044307231903076,-2.0473875999450684,-1.866378664970398
9.279999792575836,-0.26443615555763245,0.3931470215320587,-0.29153957962989807,0.39463886618614197,1.1230732202529907,-0.08000901341438293,0.3985058665275574,1.009556531906128,-1.9065057039260864,-1.6259232759475708,-1.940678358078003,-1.8645994663238525
9.299999792128801,-0.2635391056537628,0.3941941559314728,-0.33350858092308044,0.3936222493648529,1.2308847904205322,-0.11696126312017441,0.24589625000953674,1.1355172395706177,-1.8399391174316406,-1.5271000862121582,-1.8172004222869873,-1.8272720575332642
9.319999791681767,-0.2608698308467865,0.39823460578918457,-0.36407050490379333,0.3930855095386505,1.3112677335739136,-0.030285531654953957,0.23023369908332825,1.230584979057312,-1.7450966835021973,-1.488705039024353,-1.7301956415176392,-1.7511744499206543
9.339999791234732,-0.2628224492073059,0.39881035685539246,-0.3739944398403168,0.3968718945980072,1.3256428241729736,0.15101180970668793,0.3480480909347534,1.2885087728500366,-1.9084218740463257,-1.5699831247329712,-1.6921679973602295,-1.6415551900863647
9.359999790787697,-0.26093706488609314,0.3973056972026825,-0.3761111795902252,0.3695065975189209,1.1404231786727905,0.3337773382663727,0.521086573600769,1.2861053943634033,-2.1739132404327393,-1.721108317375183,-1.788184404373169,-1.7603107690811157
9.379999790340662,-0.23083293437957764,0.39456990361213684,-0.3784620761871338,0.3259359896183014,0.7571768164634705,0.5111696720123291,0.6869073510169983,1.143820881843567,-2.227321147918701,-1.8303823471069336,-1.8505017757415771,-1.9917761087417603
9.399999789893627,-0.23075996339321136,0.3950006663799286,-0.3750442862510681,0.2945461571216583,0.4033047556877136,0.6827260851860046,0.8410210609436035,0.8509417772293091,-2.0987744331359863,-1.902807593345642,-1.8792622089385986,-2.1011850833892822
9.419999789446592,-0.25666308403015137,0.3942409157752991,-0.37323999404907227,0.2832736372947693,0.17873026430606842,0.8488527536392212,0.9862300753593445,0.5185577869415283,-1.919185996055603,-1.937888741493225,-1.879090428352356,-2.0161006450653076
9.439999788999557,-0.27978062629699707,0.3943437337875366,-0.37153276801109314,0.30392345786094666,0.07842294871807098,1.0041083097457886,1.1222461462020874,0.2624976634979248,-1.7958272695541382,-1.932492971420288,-1.8518604040145874,-1.8619292974472046
9.459999788552523,-0.28554004430770874,0.3959938883781433,-0.3670092225074768,0.3416054844856262,0.06641232222318649,1.1373361349105835,1.2365447282791138,0.12526506185531616,-1.7162117958068848,-1.8871465921401978,-1.7902750968933105,-1.7415937185287476
9.479999788105488,-0.2799804210662842,0.39621877670288086,-0.3616960644721985,0.3770715892314911,0.1333077847957611,1.2414480447769165,1.3130018711090088,0.11024640500545502,-1.6649242639541626,-1.8094780445098877,-1.6866490840911865,-1.6825886964797974
9.499999787658453,-0.27852436900138855,0.39206427335739136,-0.35976341366767883,0.3947720229625702,0.2852206230163574,1.3074220418930054,1.3409730195999146,0.1770969033241272,-1.701496958732605,-1.735581636428833,-1.5414258241653442,-1.6325533390045166
9.519999787211418,-0.28525373339653015,0.44253209233283997,-0.33531317114830017,0.383251816034317,0.46733736991882324,1.3207577466964722,1.3235950469970703,0.32713207602500916,-1.8214669227600098,-2.016239643096924,-1.6228973865509033,-1.6673510074615479
9.539999786764383,-0.27898475527763367,0.4604173004627228,-0.2993997633457184,0.3877696692943573,0.646571695804596,1.0466418266296387,1.2494038343429565,0.5056225061416626,-1.8953406810760498,-2.253481864929199,-1.9005458354949951,-1.7688838243484497
9.559999786317348,-0.2695845365524292,0.4309675097465515,-0.24723376333713531,0.3934270739555359,0.8165749311447144,0.5971652865409851,1.0203838348388672,0.6795225739479065,-1.929272174835205,-2.195322036743164,-2.035191535949707,-1.8364278078079224
9.579999785870314,-0.2681155204772949,0.40881437063217163,-0.2332034409046173,0.39170241355895996,0.9681337475776672,0.208194300532341,0.6976624131202698,0.8395268321037292,-1.9310283660888672,-1.9369622468948364,-2.02034592628479,-1.8705013990402222
9.599999785423279,-0.27064308524131775,0.39719390869140625,-0.2722063660621643,0.38718265295028687,1.0997318029403687,-0.03609025478363037,0.4121575355529785,0.9848320484161377,-1.902330994606018,-1.700735092163086,-1.926949143409729,-1.8723623752593994
9.619999784976244,-0.2695395350456238,0.3954308032989502,-0.320929616689682,0.38568276166915894,1.2091541290283203,-0.12683513760566711,0.24340423941612244,1.1144468784332275,-1.8394032716751099,-1.5619274377822876,-1.8092913627624512,-1.8410229682922363
9.63999978452921,-0.26569288969039917,0.3984786868095398,-0.3554301857948303,0.38605034351348877,1.2920711040496826,-0.07208516448736191,0.211563378572464,1.2187002897262573,-1.7449841499328613,-1.5085270404815674,-1.7178428173065186,-1.7733081579208374
9.659999784082174,-0.259946346282959,0.3929678797721863,-0.3730553686618805,0.39040008187294006,1.299291729927063,0.10964223742485046,0.31075334548950195,1.2830904722213745,-1.8474621772766113,-1.5053805112838745,-1.6592031717300415,-1.668288230895996
9.67999978363514,-0.2619042992591858,0.3935410678386688,-0.3719642460346222,0.35550472140312195,1.1423097848892212,0.29098501801490784,0.4823344647884369,1.2722774744033813,-2.1089465618133545,-1.6632972955703735,-1.7616362571716309,-1.7322272062301636
9.699999783188105,-0.23243536055088043,0.39228931069374084,-0.3735337257385254,0.3110527992248535,0.7831875085830688,0.466024249792099,0.6455432176589966,1.150596261024475,-2.200385332107544,-1.7853864431381226,-1.8301900625228882,-1.9643841981887817
9.71999978274107,-0.2224631905555725,0.3939770758152008,-0.369851678609848,0.27955934405326843,0.42808157205581665,0.6357790231704712,0.7978253364562988,0.8802076578140259,-2.104506254196167,-1.870627522468567,-1.8649388551712036,-2.0938427448272705
9.739999782294035,-0.24131296575069427,0.39368465542793274,-0.3676687777042389,0.270063579082489,0.1931605488061905,0.8021003603935242,0.9433405995368958,0.5550864934921265,-1.9334020614624023,-1.917500615119934,-1.8716031312942505,-2.03230881690979
9.759999781847,-0.2651249170303345,0.39268001914024353,-0.36696702241897583,0.29191213846206665,0.08339227735996246,0.9607295989990234,1.0829664468765259,0.29154691100120544,-1.8086917400360107,-1.9233230352401733,-1.8528434038162231,-1.8836102485656738
9.779999781399965,-0.2755299210548401,0.3923567533493042,-0.364617258310318,0.3315017521381378,0.05977970361709595,1.1000323295593262,1.2039178609848022,0.1365744173526764,-1.7256399393081665,-1.8885958194732666,-1.80094575881958,-1.755267858505249
9.79999978095293,-0.2727094888687134,0.3914158344268799,-0.36075830459594727,0.3711280822753906,0.11104664951562881,1.211195468902588,1.290069580078125,0.10255938768386841,-1.6718477010726929,-1.8189938068389893,-1.7077304124832153,-1.6893852949142456
9.819999780505896,-0.26880693435668945,0.38831937313079834,-0.35842472314834595,0.39725491404533386,0.24355560541152954,1.294946551322937,1.3300069570541382,0.15664057433605194,-1.660522699356079,-1.730000376701355,-1.572210669517517,-1.6437897682189941
9.83999978005886,-0.2773677408695221,0.4308392107486725,-0.34802761673927307,0.38970810174942017,0.4275863766670227,1.3222965002059937,1.3321317434310913,0.2922697067260742,-1.7886507511138916,-1.972438931465149,-1.5287197828292847,-1.6347744464874268
9.859999779611826,-0.2739717662334442,0.45225104689598083,-0.35053446888923645,0.3929648995399475,0.6065574288368225,1.0823478698730469,1.3547335863113403,0.469767302274704,-1.8722436428070068,-2.2281582355499268,-1.8172311782836914,-1.7416795492172241
9.879999779164791,-0.2645517885684967,0.4260596036911011,-0.30520522594451904,0.3995468020439148,0.777934193611145,0.6474708914756775,1.1950950622558594,0.642362654209137,-1.9164148569107056,-2.2150495052337646,-2.024871587753296,-1.8134472370147705
9.899999778717756,-0.2601950466632843,0.4083156883716583,-0.2698376178741455,0.4004415273666382,0.9349353909492493,0.254560261964798,0.8898425698280334,0.8057085871696472,-1.9263088703155518,-1.968702793121338,-2.0946874618530273,-1.8547362089157104
9.919999778270721,-0.26235106587409973,0.40090492367744446,-0.2791851758956909,0.3970133662223816,1.0720691680908203,-0.002638869686052203,0.559021532535553,0.9549374580383301,-1.9050592184066772,-1.7240180969238281,-2.0171971321105957,-1.8641151189804077
9.939999777823687,-0.26296117901802063,0.39918258786201477,-0.31532368063926697,0.3954887390136719,1.187269687652588,-0.1137719601392746,0.3258833885192871,1.088369607925415,-1.8504321575164795,-1.5732725858688354,-1.882583737373352,-1.8401858806610107
9.959999777376652,-0.26134124398231506,0.40191131830215454,-0.3473849296569824,0.3948360085487366,1.2760978937149048,-0.08842689543962479,0.23250320553779602,1.1982033252716064,-1.7626210451126099,-1.5058649778366089,-1.764650583267212,-1.780109167098999
9.979999776929617,-0.24866095185279846,0.4011741876602173,-0.3679053485393524,0.39753544330596924,1.272456169128418,0.06420308351516724,0.27925407886505127,1.267160415649414,-1.773560643196106,-1.487699031829834,-1.691921353340149,-1.679783582687378
9.999999776482582,-0.25382858514785767,0.399860680103302,-0.3659239411354065,0.36286699771881104,1.1554574966430664,0.2431250959634781,0.4384453296661377,1.2657248973846436,-2.0311038494110107,-1.6308995485305786,-1.7397500276565552,-1.6654380559921265
